JobCount,Career,Location,Organization,Web,Time
3,Database Administrator,"Saint Louis Park, MN 55416 (Wolfe Park area)",AAA Minneapolis,Indeed,2024-01-14
1,Database Administrator,Georgia,ADPMN IT SOLUTIONS,Indeed,2024-01-14
1,Frontend Developer,"Austin, TX","ADS, Inc.",Indeed,2024-01-14
1,Mobile Developer,"Austin, TX","ADS, Inc.",Indeed,2024-01-14
1,Database Administrator,United States,ALT America,Indeed,2024-01-14
1,Business Analyst,Hồ Chí Minh,ACB - Ngân Hàng TMCP Á Châu,CareerBuilder,2024-01-08
3,Backend Developer,Singapore,ANOTECH Singapore,Glint,2024-01-11
3,Data Engineer,Singapore,ANOTECH Singapore,Glint,2024-01-11
3,Devops Engineer,Singapore,ANOTECH Singapore,Glint,2024-01-11
1,Software Architect,"Remote in Dimondale, MI",ARK Solutions,Indeed,2024-01-14
1,Tester,Remote,ASRC Federal Holding Company,Indeed,2024-01-14
1,UI Designer,"Phoenix, AZ 85044 (Ahwatukee Foothills area)",ASSA ABLOY,Indeed,2024-01-14
1,Database Administrator,"Fremont, CA 94538",ASUS Computer International,Indeed,2024-01-14
3,Frontend Developer,Singapore,ANOTECH Singapore,Glint,2024-01-11
3,Mobile Developer,Singapore,ANOTECH Singapore,Glint,2024-01-11
3,Network Engineer,Singapore,ANOTECH Singapore,Glint,2024-01-11
2,Software Architect,Singapore,ANOTECH Singapore,Glint,2024-01-11
4,Software Engineer,Singapore,ANOTECH Singapore,Glint,2024-01-11
1,UI Designer,Singapore,ANOTECH Singapore,Glint,2024-01-11
1,Data Engineer,"Atlanta, GA",AT&T,Indeed,2024-01-14
1,Web Development,"Columbia, MD",AT&T,Indeed,2024-01-14
1,Software Engineer,"Dallas, TX",AT&T,Indeed,2024-01-14
1,Network Engineer,"Lorton, VA 22079",AT&T,Indeed,2024-01-14
1,Database Administrator,Remote,ATC,Indeed,2024-01-14
1,Software Architect,"Alameda, CA",Abbott Laboratories,Indeed,2024-01-14
1,UI Designer,"Hybrid remote in Chicago, IL",Above Lending,Indeed,2024-01-14
1,Devops Engineer,"Santa Clara, CA",Accenture,Indeed,2024-01-14
2,Database Administrator,Remote,ActioNet,Indeed,2024-01-14
1,Game Development,"Woodland Hills, CA",Activision,Indeed,2024-01-14
1,Backend Developer,"Austin, TX 78701 (Downtown area)",Actum Lab,Indeed,2024-01-14
1,Network Engineer,Remote,Adaptive Biotechnologies,Indeed,2024-01-14
1,Backend Developer,Remote,Adapty,Indeed,2024-01-14
1,Mobile Developer,"San Jose, CA 95110 (Downtown area)",Adobe,Indeed,2024-01-14
1,Software Engineer,"San Jose, CA 95110 (Downtown area)",Adobe,Indeed,2024-01-14
1,Game Development,Singapore,Aevice Health,Glint,2024-01-07
1,Web Development,Singapore,Aevice Health,Glint,2024-01-07
1,Database Administrator,"Atlanta, GA",Agama Solutions,Indeed,2024-01-14
1,Backend Developer,"Minneapolis, MN",Agama Solutions,Indeed,2024-01-14
1,Backend Developer,Remote in United States,Agama Solutions,Indeed,2024-01-14
3,Business Analyst,Remote in United States,Agama Solutions,Indeed,2024-01-14
1,Devops Engineer,Remote in United States,Agama Solutions,Indeed,2024-01-14
1,UI Designer,Remote in United States,Agama Solutions,Indeed,2024-01-14
1,Backend Developer,"San Francisco, CA",Agama Solutions,Indeed,2024-01-14
1,Tester,"Santa Clara, CA",Agama Solutions,Indeed,2024-01-14
1,Business Analyst,United States,Agama Solutions,Indeed,2024-01-14
1,Data Engineer,United States,Agama Solutions,Indeed,2024-01-14
1,Devops Engineer,Singapore,Aevice Health,Glint,2023-12-17
1,Network Engineer,Singapore,Aevice Health,Glint,2023-12-17
1,Software Engineer,Singapore,Aevice Health,Glint,2023-12-17
1,Tester,United States,Agama Solutions,Indeed,2024-01-14
1,Frontend Developer,"San Jose, CA (West San Jose area)",Ajmera Infotech,Indeed,2024-01-14
1,Database Administrator,Remote,Akamai,Indeed,2024-01-14
1,Frontend Developer,Remote,AllStars-IT,Indeed,2024-01-14
2,Mobile Developer,Remote,AllStars-IT,Indeed,2024-01-14
1,Business Analyst,Singapore,Agora Co-learning Spaces Pte Ltd,Glint,2023-12-26
1,Data Analysts,Singapore,Agora Co-learning Spaces Pte Ltd,Glint,2023-12-26
1,Data Engineer,Singapore,Agora Co-learning Spaces Pte Ltd,Glint,2023-12-26
1,Data Scientist,Singapore,Agora Co-learning Spaces Pte Ltd,Glint,2023-12-26
2,Data Engineer,Singapore,Aha AI,Glint,2024-01-11
2,Devops Engineer,Singapore,Aha AI,Glint,2024-01-11
2,Network Engineer,Singapore,Aha AI,Glint,2024-01-11
2,Software Engineer,Singapore,Aha AI,Glint,2024-01-11
1,Software Architect,Remote,Almac Group,Indeed,2024-01-14
1,Network Engineer,"Ventura, CA 93043",Alutiiq,Indeed,2024-01-14
1,Data Analysts,"Palo Alto, CA",Amazon,Indeed,2024-01-14
2,Database Administrator,Remote,AmeriFlex,Indeed,2024-01-14
1,Data Engineer,"Dallas, TX 75219 (Downtown area)",American Airlines,Indeed,2024-01-14
1,Data Engineer,Kansas,Amex,Indeed,2024-01-14
1,Data Engineer,"Remote in Thousand Oaks, CA",Amgen,Indeed,2024-01-14
1,Data Analysts,Remote,Amivero,Indeed,2024-01-14
1,Business Analyst,Remote,"Amplify Education, Inc.",Indeed,2024-01-14
2,Database Administrator,Remote,Analytica,Indeed,2024-01-14
1,Tester,Remote in United States,Apexon,Indeed,2024-01-14
1,Data Analysts,"Cupertino, CA",Apple,Indeed,2024-01-14
1,Data Analysts,"Boulder, CO 80301",Apple,Indeed,2024-01-14
1,Software Engineer,"Austin, TX",Applanix,Indeed,2024-01-14
1,Frontend Developer,Remote,AppMaster,Indeed,2024-01-14
1,Backend Developer,Remote,AppMaster,Indeed,2024-01-14
1,Web Development,Remote,AppLovin,Indeed,2024-01-14
1,Mobile Developer,Remote,AppLovin,Indeed,2024-01-14
1,Game Development,Remote,AppLovin,Indeed,2024-01-14
1,Software Engineer,"Palo Alto, CA 94301 (University South area)",AppLovin,Indeed,2024-01-14
1,Backend Developer,"Palo Alto, CA 94301 (University South area)",AppLovin,Indeed,2024-01-14
1,Data Analysts,Hồ Chí Minh,Anh Văn Hội Việt Mỹ (VUS),CareerBuilder,2024-01-09
1,UI Designer,Singapore,Anthracyte Studio Pte Ltd,Glint,2024-01-12
2,Software Architect,Remote,Ascension,Indeed,2024-01-14
1,Network Engineer,Remote,Ascension,Indeed,2024-01-14
1,Mobile Developer,"Hybrid remote in Charlotte, NC",Ascendion,Indeed,2024-01-14
1,Tester,"Vancouver, WA",Arrikan,Indeed,2024-01-14
1,Game Development,Remote,Arkestro,Indeed,2024-01-14
1,Mobile Developer,Remote,Arkansas Blue Cross and Blue Shield,Indeed,2024-01-14
1,Network Engineer,"Bellevue, WA",ArenaNet,Indeed,2024-01-14
1,Web Development,Remote in Arizona,Apryse,Indeed,2024-01-14
1,UI Designer,"La Jolla, CA",Apria Healthcare LLC,Indeed,2024-01-14
1,Web Development,"Cupertino, CA",Apple,Indeed,2024-01-14
1,Frontend Developer,"Cupertino, CA",Apple,Indeed,2024-01-14
1,Software Engineer,"Remote in San Francisco, CA 94104",Atlassian,Indeed,2024-01-14
1,Frontend Developer,"Remote in San Francisco, CA 94104",Atlassian,Indeed,2024-01-14
1,Backend Developer,Remote,Assetario,Indeed,2024-01-14
1,Database Administrator,Texas,AssetWorks,Indeed,2024-01-14
1,Database Administrator,"Sterling, VA 20166",Asiacom Americas,Indeed,2024-01-14
1,Data Engineer,Singapore,Assembly Works HR Pte Ltd,Glint,2024-01-11
1,Devops Engineer,Singapore,Assembly Works HR Pte Ltd,Glint,2024-01-11
1,Network Engineer,Singapore,Assembly Works HR Pte Ltd,Glint,2024-01-11
1,Software Engineer,Singapore,Assembly Works HR Pte Ltd,Glint,2024-01-11
1,Data Engineer,Singapore,Atomionics,Glint,2024-01-02
1,Devops Engineer,Singapore,Atomionics,Glint,2024-01-02
1,Network Engineer,Singapore,Atomionics,Glint,2024-01-02
1,Software Architect,Singapore,Atomionics,Glint,2024-01-02
1,Software Engineer,Singapore,Atomionics,Glint,2024-01-02
1,Database Administrator,"Vancouver, WA 98663 (West Minnehaha area)","Azad, inc.",Indeed,2024-01-14
3,Database Administrator,"Centennial, CO 80112",Axos Bank,Indeed,2024-01-14
1,Database Administrator,"Fort Meade, MD",Axiologic Solutions,Indeed,2024-01-14
1,Data Engineer,Remote in United States,Avenue Code,Indeed,2024-01-14
2,Data Analysts,Remote in United States,Avenue Code,Indeed,2024-01-14
1,Devops Engineer,Singapore,Atomionics,Glint,2024-01-04
1,Network Engineer,Singapore,Atomionics,Glint,2024-01-04
1,Software Engineer,Singapore,Atomionics,Glint,2024-01-04
4,Data Engineer,Singapore,Atomionics,Glint,2024-01-11
4,Devops Engineer,Singapore,Atomionics,Glint,2024-01-11
4,Network Engineer,Singapore,Atomionics,Glint,2024-01-11
1,Software Architect,Singapore,Atomionics,Glint,2024-01-11
4,Software Engineer,Singapore,Atomionics,Glint,2024-01-11
1,Tester,Remote,Bad Robot Games,Indeed,2024-01-14
1,Data Engineer,"Remote in Palo Alto, CA",BXGI,Indeed,2024-01-14
1,Game Development,"Seattle, WA",BIGBOX VR,Indeed,2024-01-14
1,Software Architect,"Remote in San Diego, CA",BD,Indeed,2024-01-14
1,Business Analyst,Hà Nội,BSS Group,CareerBuilder,2023-12-20
1,Software Engineer,Singapore,Aztech Technologies Pte Ltd,Glint,2024-01-11
1,Business Analyst,Singapore,Aztech Technologies Pte Ltd,Glint,2024-01-02
1,Game Development,Singapore,Aztech Technologies Pte Ltd,Glint,2024-01-02
1,Software Architect,Singapore,Aztech Technologies Pte Ltd,Glint,2024-01-02
1,Software Engineer,Singapore,Aztech Technologies Pte Ltd,Glint,2024-01-02
1,Web Development,Singapore,Aztech Technologies Pte Ltd,Glint,2024-01-02
1,Data Engineer,Singapore,Aztech Technologies Pte Ltd,Glint,2024-01-11
1,Devops Engineer,Singapore,Aztech Technologies Pte Ltd,Glint,2024-01-11
3,Network Engineer,Singapore,Aztech Technologies Pte Ltd,Glint,2024-01-11
2,Business Analyst,"Pleasanton, CA 94588",BayOne,Indeed,2024-01-14
1,Backend Developer,"Pleasanton, CA 94588",BayOne,Indeed,2024-01-14
1,Data Engineer,"Mountain View, CA",BayOne,Indeed,2024-01-14
1,Data Engineer,"Duluth, GA",BayOne,Indeed,2024-01-14
1,Software Engineer,California,BayOne,Indeed,2024-01-14
1,Software Architect,California,BayOne,Indeed,2024-01-14
1,Network Engineer,California,BayOne,Indeed,2024-01-14
1,Devops Engineer,California,BayOne,Indeed,2024-01-14
1,Software Architect,Remote,Bausch + Lomb,Indeed,2024-01-14
1,Web Development,"Laurel, MD 20707",BannerSpace.com,Indeed,2024-01-14
2,Software Engineer,"Plano, TX 75024",Bank of America,Indeed,2024-01-14
1,Business Analyst,Remote,"Banfield, The Pet Hospital",Indeed,2024-01-14
1,Frontend Developer,"San Jose, CA",BayOne,Indeed,2024-01-14
1,Database Administrator,"San Jose, CA",BayOne,Indeed,2024-01-14
1,UI Designer,"San Francisco, CA",BayOne,Indeed,2024-01-14
1,Backend Developer,"San Bruno, CA",BayOne,Indeed,2024-01-14
1,Business Analyst,Remote in United States,BayOne,Indeed,2024-01-14
1,Devops Engineer,"Remote in Santa Clara, CA",BayOne,Indeed,2024-01-14
1,Data Engineer,"Remote in San Francisco, CA",BayOne,Indeed,2024-01-14
1,Mobile Developer,"Remote in Pleasanton, CA 94588",BayOne,Indeed,2024-01-14
1,Frontend Developer,"Remote in Pleasanton, CA 94588",BayOne,Indeed,2024-01-14
1,Software Engineer,Remote,BayOne,Indeed,2024-01-14
1,Devops Engineer,Remote,BayOne,Indeed,2024-01-14
2,Network Engineer,"Pleasanton, CA 94588",BayOne,Indeed,2024-01-14
1,Data Engineer,"Pleasanton, CA 94588",BayOne,Indeed,2024-01-14
1,Data Analysts,"Pleasanton, CA 94588",BayOne,Indeed,2024-01-14
1,Tester,"Redmond, WA",BiSoft,Indeed,2024-01-14
1,Devops Engineer,Remote,Berkshire Hathaway Direct Insurance Company,Indeed,2024-01-14
1,Software Architect,"Waltham, MA",BayOne,Indeed,2024-01-14
1,Devops Engineer,"Waltham, MA",BayOne,Indeed,2024-01-14
1,UI Designer,United States,BayOne,Indeed,2024-01-14
2,Business Analyst,"Sunnyvale, CA",BayOne,Indeed,2024-01-14
2,Data Engineer,"Santa Clara, CA",BayOne,Indeed,2024-01-14
2,Data Analysts,"Santa Clara, CA",BayOne,Indeed,2024-01-14
2,Business Analyst,"Santa Clara, CA",BayOne,Indeed,2024-01-14
1,Tester,"San Mateo, CA",BayOne,Indeed,2024-01-14
1,Web Development,"San Jose, CA",BayOne,Indeed,2024-01-14
1,UI Designer,"San Jose, CA",BayOne,Indeed,2024-01-14
2,Tester,"San Jose, CA",BayOne,Indeed,2024-01-14
1,Mobile Developer,Remote in United States,BrandReach,Indeed,2024-01-14
1,Data Analysts,"Remote in Washington, DC",Booz Allen Hamilton,Indeed,2024-01-14
1,Devops Engineer,"Seattle, WA",BlueOcean,Indeed,2024-01-14
1,Backend Developer,"Burlingame, CA 94010",BloomSky,Indeed,2024-01-14
1,Game Development,"Hybrid remote in Irvine, CA 92618",Blizzard Entertainment,Indeed,2024-01-14
1,Business Analyst,"Seattle, WA 98109 (Westlake area)",Bill & Melinda Gates Foundation,Indeed,2024-01-14
1,Backend Developer,Remote in United States,Bigbear.ai,Indeed,2024-01-14
2,UI Designer,Singapore,Bluente,Glint,2024-01-11
1,UI Designer,Singapore,Black & Butter,Glint,2023-12-20
1,Web Development,Singapore,Bizsquare Management Consultants Pte Ltd,Glint,2024-01-04
1,Game Development,Singapore,Bizsquare Management Consultants Pte Ltd,Glint,2024-01-04
1,Business Analyst,Singapore,Bizsquare Management Consultants Pte Ltd,Glint,2024-01-04
1,Database Administrator,"Remote in Northbrook, IL",CRATE & BARREL,Indeed,2024-01-14
1,Business Analyst,Remote,COUNTRY Financial,Indeed,2024-01-14
2,Database Administrator,"Alpharetta, GA 30005","COMPETENT SYSTEMS, INC",Indeed,2024-01-14
1,Web Development,"Quincy, MA",COGECO INC.,Indeed,2024-01-14
1,Database Administrator,"Chicago, IL (The Loop area)",CIBC,Indeed,2024-01-14
1,Devops Engineer,"Seattle, WA",ByteDance,Indeed,2024-01-14
1,Mobile Developer,"San Jose, CA",ByteDance,Indeed,2024-01-14
1,Database Administrator,"Hybrid remote in Orchard Park, NY 14127",Bryant & Stratton College,Indeed,2024-01-14
1,Business Analyst,Hà Nội,Bảo mật,CareerBuilder,2024-01-08
1,Web Development,Singapore,Burpple Pte Ltd,Glint,2024-01-04
1,Game Development,Singapore,Burpple Pte Ltd,Glint,2024-01-04
1,Business Analyst,Singapore,Burpple Pte Ltd,Glint,2024-01-04
1,Business Analyst,"Kennesaw, GA 30144",CarMax,Indeed,2024-01-14
1,Business Analyst,"Remote in Harrisburg, PA 17177",Capital Blue Cross,Indeed,2024-01-14
1,Database Administrator,Remote,CampusWorks,Indeed,2024-01-14
1,Software Architect,"San Jose, CA",Cadence Design Systems,Indeed,2024-01-14
1,Web Development,"Richardson, TX",CVS Health,Indeed,2024-01-14
1,Backend Developer,"Richardson, TX",CVS Health,Indeed,2024-01-14
1,Web Development,"Remote in Saint Paul, MN",CVS Health,Indeed,2024-01-14
1,Network Engineer,"Remote in Providence, RI",CVS Health,Indeed,2024-01-14
2,Data Engineer,"Irving, TX",CVS Health,Indeed,2024-01-14
2,Business Analyst,"Hartford, CT",CVS Health,Indeed,2024-01-14
1,Software Architect,Remote in United States,CSX,Indeed,2024-01-14
1,Software Architect,Remote,CSG,Indeed,2024-01-14
2,Data Analysts,"Silver Spring, MD 20910",Children's National Hospital,Indeed,2024-01-14
4,Database Administrator,Remote,Chess.com,Indeed,2024-01-14
1,Devops Engineer,Remote,Chainlink Labs,Indeed,2024-01-14
1,Frontend Developer,"New York, NY",Cenzen Media,Indeed,2024-01-14
1,Database Administrator,"Windsor Mill, MD",Centurion Consulting Group,Indeed,2024-01-14
1,UI Designer,"Dalton, GA",Cella,Indeed,2024-01-14
2,Software Architect,"Pittsburgh, PA 15213 (Squirrel Hill North area)",Carnegie Mellon University,Indeed,2024-01-14
1,Database Administrator,"Portland, OR 97204 (Downtown area)",CareOregon,Indeed,2024-01-14
2,Software Architect,Remote,Cardinal Financial,Indeed,2024-01-14
1,Data Engineer,Hồ Chí Minh,CareerViet's client,CareerBuilder,2024-01-07
1,Database Administrator,"Hybrid remote in Washington, DC 20005",CoStar Group,Indeed,2024-01-14
1,Game Development,"Remote in Campbell, CA 95008",Clarity Consultants,Indeed,2024-01-14
1,Database Administrator,"North Las Vegas, NV",City of North Las Vegas,Indeed,2024-01-14
1,Database Administrator,"New Orleans, LA 70112 (Central Business District area)",City of New Orleans,Indeed,2024-01-14
1,Database Administrator,"Albuquerque, NM 87102 (Downtown area)",City of Albuquerque,Indeed,2024-01-14
1,Game Development,"Hybrid remote in New York, NY",Citi,Indeed,2024-01-14
1,Web Development,"Santa Clara, CA 95051",Chuwa,Indeed,2024-01-14
1,Database Administrator,"Phoenix, AZ",Choice Hotels,Indeed,2024-01-14
1,Network Engineer,"New York, NY (SoHo area)",Chobani,Indeed,2024-01-14
1,Business Analyst,Bình Dương,"Citigroup Limited Industries, Inc.",CareerBuilder,2024-01-13
1,Software Architect,"San Francisco Bay Area, CA",Concentric AI,Indeed,2024-01-14
1,Tester,"Springfield, PA",Computer Solution,Indeed,2024-01-14
1,Data Engineer,Remote,Compass Corporate,Indeed,2024-01-14
1,Network Engineer,"Irving, TX 75039 (Freeport/Hackberry area)",Commercial Metals Company,Indeed,2024-01-14
2,Data Analysts,"New York, NY",Columbia University,Indeed,2024-01-14
1,Business Analyst,"New York, NY",Columbia University,Indeed,2024-01-14
1,Backend Developer,Virginia,"Cognosante, LLC",Indeed,2024-01-14
1,Mobile Developer,"San Francisco, CA",Cognii,Indeed,2024-01-14
1,Business Analyst,Hồ Chí Minh,Coca-Cola,CareerBuilder,2023-12-19
1,Business Analyst,Hồ Chí Minh,Concung.com - Con Cung Joint Stock Company,CareerBuilder,2023-12-29
2,Business Analyst,"Orchard, Singapore",Confirm Good Pte Ltd,Glint,2023-12-14
1,Data Engineer,Remote,Crackajack Solutions,Indeed,2024-01-14
1,Business Analyst,"Philadelphia, PA",Crackajack Solutions,Indeed,2024-01-14
1,Backend Developer,United States,Cove Smart LLC,Indeed,2024-01-14
1,Software Architect,"Sacramento, CA 95822 (Airport area)",Cotocus,Indeed,2024-01-14
1,Network Engineer,Remote,Cotiviti,Indeed,2024-01-14
2,Database Administrator,Remote,Cotiviti,Indeed,2024-01-14
2,Network Engineer,Remote,ConvergeOne,Indeed,2024-01-14
1,Devops Engineer,"Victor, NY",Constellation Brands,Indeed,2024-01-14
1,Network Engineer,"Bartlesville, OK",ConocoPhillips,Indeed,2024-01-14
1,UI Designer,Singapore,Confirm Good Pte Ltd,Glint,2023-12-14
2,Web Development,"Orchard, Singapore",Confirm Good Pte Ltd,Glint,2023-12-14
2,Game Development,"Orchard, Singapore",Confirm Good Pte Ltd,Glint,2023-12-14
1,Database Administrator,"San Diego, CA","Criterion Systems, Inc.",Indeed,2024-01-14
1,Software Architect,"Hybrid remote in Denver, CO",Credera,Indeed,2024-01-14
2,Data Analysts,"Richmond, VA",Crackajack Solutions,Indeed,2024-01-14
1,Business Analyst,Hồ Chí Minh,CÔNG TY CỔ PHẦN CHỨNG KHOÁN KAFI,CareerBuilder,2024-01-04
1,Data Analysts,Hồ Chí Minh,CÔNG TY CỔ PHẦN GONSA,CareerBuilder,2023-12-29
1,Data Analysts,Hà Nội,CÔNG TY CỔ PHẦN KINH DOANH F88,CareerBuilder,2024-01-13
1,Data Analysts,Hà Nội,CÔNG TY CỔ PHẦN KINH DOANH F88,CareerBuilder,2023-12-18
1,Business Analyst,Hồ Chí Minh,CÔNG TY CỔ PHẦN SACHI (LIXIBOX),CareerBuilder,2023-12-27
1,Game Development,Hà Nội,CÔNG TY CỔ PHẦN TRÒ CHƠI GIÁO DỤC VIỆT,CareerBuilder,2024-01-14
1,Database Administrator,Hồ Chí Minh,CÔNG TY TNHH DỊCH VỤ THỰC PHẨM VÀ GIẢI KHÁT VIỆT NAM VFBS,CareerBuilder,2024-01-12
1,Data Analysts,Hà Nội,CÔNG TY TNHH GIMASYS,CareerBuilder,2024-01-10
1,Business Analyst,Hà Nội,CÔNG TY TNHH GIÁO DỤC WEGROW VIỆT NAM,CareerBuilder,2023-12-17
1,Data Analysts,Hồ Chí Minh,CÔNG TY TNHH THƯƠNG MẠI NCA (VN),CareerBuilder,2024-01-05
1,Business Analyst,Hà Nội,CÔNG TY TNHH THỜI TRANG H VÀ A,CareerBuilder,2024-01-05
1,Data Analysts,Hà Nội,CÔNG TY TNHH THỜI TRANG H VÀ A,CareerBuilder,2024-01-05
1,Data Engineer,Hà Nội,Công Ty CP Chứng Khoán VNDIRECT,CareerBuilder,2023-12-28
1,Data Engineer,Hồ Chí Minh,Công Ty CP Vàng Bạc Đá Quý Phú Nhuận - PNJ,CareerBuilder,2024-01-07
1,Business Analyst,Hồ Chí Minh,Công Ty Cổ Phần GreenFeed Việt Nam,CareerBuilder,2024-01-09
1,Data Analysts,Hồ Chí Minh,Công Ty Cổ Phần GreenFeed Việt Nam,CareerBuilder,2024-01-09
1,Data Scientist,Hồ Chí Minh,Công Ty Cổ Phần GreenFeed Việt Nam,CareerBuilder,2024-01-09
2,Data Engineer,Hồ Chí Minh,Công Ty Cổ Phần VNG,CareerBuilder,2024-01-04
1,Data Engineer,Hồ Chí Minh,Công Ty Cổ Phần VNG,CareerBuilder,2024-01-08
1,Database Administrator,Hồ Chí Minh,Công Ty Cổ Phần VNG,CareerBuilder,2024-01-08
1,Business Analyst,Hồ Chí Minh,Công Ty Cổ Phần VNG,CareerBuilder,2024-01-09
1,Data Scientist,Hồ Chí Minh,Công Ty Cổ Phần VNG,CareerBuilder,2024-01-11
2,Data Scientist,Hồ Chí Minh,Công Ty Cổ Phần VNG,CareerBuilder,2024-01-12
1,Business Analyst,Hồ Chí Minh,Công Ty Cổ Phần VNG,CareerBuilder,2023-12-21
1,Database Administrator,Hồ Chí Minh,Công Ty Cổ Phần Vacxin Việt Nam,CareerBuilder,2024-01-11
1,Business Analyst,Hồ Chí Minh,Công Ty TNHH Chợ Tốt,CareerBuilder,2024-01-10
1,Data Scientist,Hà Nội,Công Ty TNHH Reeracoen Việt Nam,CareerBuilder,2024-01-12
1,Business Analyst,Hà Nội,Công ty Cổ phần CANIFA,CareerBuilder,2024-01-13
1,Data Analysts,Hà Nội,Công ty Cổ phần CANIFA,CareerBuilder,2024-01-13
1,Data Analysts,Hồ Chí Minh,Công ty Cổ phần Dịch vụ Di Động Trực tuyến (Ví MoMo),CareerBuilder,2023-12-23
1,Data Engineer,Hồ Chí Minh,Công ty Cổ phần Dịch vụ Di Động Trực tuyến (Ví MoMo),CareerBuilder,2023-12-31
1,Business Analyst,Hà Nội,Công ty Cổ phần LitGroup,CareerBuilder,2024-01-10
1,Business Analyst,Đồng Nai,Công ty TNHH Chế biến Thực phẩm Olam Việt Nam,CareerBuilder,2024-01-09
1,Business Analyst,Hồ Chí Minh,Công ty TNHH Fonterra Brands Việt Nam,CareerBuilder,2024-01-02
1,Data Engineer,Hồ Chí Minh,Công ty TNHH MTV Sen Vàng Việt Nam,CareerBuilder,2024-01-08
1,Business Analyst,Đồng Nai,Công ty TNHH Olam Việt Nam,CareerBuilder,2023-12-16
1,Database Administrator,"Irving, TX",Data Xpander,Indeed,2024-01-14
1,Data Engineer,"New York, NY",Dassault Systèmes,Indeed,2024-01-14
1,Business Analyst,"Little Rock, AR 72202 (Bill and Hillary Clinton National Airport area)",Dassault Falcon Jet,Indeed,2024-01-14
1,Data Engineer,"Boston, MA 02215 (Kenmore area)",Dana-Farber Cancer Institute,Indeed,2024-01-14
1,Mobile Developer,"Dallas, TX 75201",Dallas Morning News,Indeed,2024-01-14
1,Database Administrator,"Pittsburgh, PA 15237",DVI Technologies,Indeed,2024-01-14
1,Database Administrator,"Remote in Reston, VA",DLA Piper,Indeed,2024-01-14
2,Software Engineer,"Oklahoma City, OK",DICK'S Sporting Goods,Indeed,2024-01-14
1,Business Analyst,Hồ Chí Minh,Công ty Tài Chính Cổ Phần Tín Việt,CareerBuilder,2023-12-24
1,Database Administrator,Hồ Chí Minh,Công ty Tài Chính Cổ Phần Tín Việt,CareerBuilder,2023-12-29
1,Business Analyst,Hồ Chí Minh,Công ty Tài chính TNHH Một Thành Viên Shinhan Việt Nam,CareerBuilder,2023-12-29
1,Game Development,"Detroit, MI 48201 (Downtown area)",Detroit Tigers,Indeed,2024-01-14
1,Mobile Developer,"Broomfield, CO",DealersLink,Indeed,2024-01-14
2,Data Engineer,Hồ Chí Minh,DatvietVAC Group Holdings,CareerBuilder,2023-12-21
1,Data Scientist,Hồ Chí Minh,DatvietVAC Group Holdings,CareerBuilder,2023-12-21
1,Web Development,Singapore,Deltafrontier Pte Ltd,Glint,2024-01-11
1,Software Engineer,Singapore,Deltafrontier Pte Ltd,Glint,2024-01-11
1,Network Engineer,Singapore,Deltafrontier Pte Ltd,Glint,2024-01-11
1,Game Development,Singapore,Deltafrontier Pte Ltd,Glint,2024-01-11
1,Devops Engineer,Singapore,Deltafrontier Pte Ltd,Glint,2024-01-11
1,Data Engineer,Singapore,Deltafrontier Pte Ltd,Glint,2024-01-11
1,Business Analyst,Singapore,Deltafrontier Pte Ltd,Glint,2024-01-11
1,Web Development,Singapore,Delicious Consulting Pte Ltd,Glint,2024-01-11
1,Game Development,Singapore,Delicious Consulting Pte Ltd,Glint,2024-01-11
1,Business Analyst,Singapore,Delicious Consulting Pte Ltd,Glint,2024-01-11
1,Network Engineer,"Austin, TX",Dutech Systems,Indeed,2024-01-14
1,Devops Engineer,United States,Dutch Bros,Indeed,2024-01-14
1,Mobile Developer,Hybrid remote in United States,Dutch Bros,Indeed,2024-01-14
1,Network Engineer,"Durham, NC 27703",Durham County,Indeed,2024-01-14
1,Web Development,"Durham, NC 27710 (Duke West Campus area)",Duke University,Indeed,2024-01-14
1,Frontend Developer,Remote,Drivetrain AI,Indeed,2024-01-14
1,UI Designer,United States,Distillery,Indeed,2024-01-14
1,Backend Developer,"Seattle, WA",Disney Entertainment & ESPN Technology,Indeed,2024-01-14
1,Software Architect,"Santa Monica, CA",Disney Entertainment & ESPN Technology,Indeed,2024-01-14
1,Software Engineer,"Morrisville, NC",Disney Entertainment & ESPN Technology,Indeed,2024-01-14
1,Game Development,"New York, NY",Disney,Indeed,2024-01-14
2,Data Analysts,"Burbank, CA",Disney,Indeed,2024-01-14
1,UI Designer,Remote,EX2 Outcoding,Indeed,2024-01-14
1,Software Architect,Remote,EX2 Outcoding,Indeed,2024-01-14
1,Network Engineer,Remote,EX2 Outcoding,Indeed,2024-01-14
3,Mobile Developer,Remote,EX2 Outcoding,Indeed,2024-01-14
1,Database Administrator,Remote,EX2 Outcoding,Indeed,2024-01-14
2,Backend Developer,Remote,EX2 Outcoding,Indeed,2024-01-14
1,Web Development,"Stamford, CT",EGB Systems & Solutions,Indeed,2024-01-14
1,Software Architect,"Remote in Dallas, TX",ECi Software Solutions,Indeed,2024-01-14
1,Database Administrator,"Virginia Beach, VA 23462 (Kempsville area)",ECPI University,Indeed,2024-01-14
1,Software Architect,Remote,Dynamics CRM Recruiting Solutions,Indeed,2024-01-14
1,Database Administrator,Texas,Dutech Systems,Indeed,2024-01-14
1,Business Analyst,Hồ Chí Minh,EUROFINS VIETNAM,CareerBuilder,2024-01-02
1,Business Analyst,Hà Nội,EQuest Education Group (EQG),CareerBuilder,2024-01-07
1,Business Analyst,"Washington, DC",EntreVation,Indeed,2024-01-14
1,Database Administrator,"Houston, TX",Enterprise Products,Indeed,2024-01-14
1,Business Analyst,"Atlanta, GA 30322",Emory University,Indeed,2024-01-14
1,Business Analyst,United States,Elevance Health,Indeed,2024-01-14
1,Database Administrator,"Hybrid remote in Cleveland, OH 44114",Eaton,Indeed,2024-01-14
1,Network Engineer,Singapore,Environmental Solutions (Asia) Pte Ltd,Glint,2024-01-11
1,Devops Engineer,Singapore,Environmental Solutions (Asia) Pte Ltd,Glint,2024-01-11
1,Data Engineer,Singapore,Environmental Solutions (Asia) Pte Ltd,Glint,2024-01-11
1,Business Analyst,Singapore,Elev8.vc,Glint,2023-12-19
1,Web Development,Singapore,El Pando Pte Ltd,Glint,2024-01-11
1,Mobile Developer,Singapore,El Pando Pte Ltd,Glint,2024-01-11
1,Frontend Developer,Singapore,El Pando Pte Ltd,Glint,2024-01-11
1,Backend Developer,Singapore,El Pando Pte Ltd,Glint,2024-01-11
1,Database Administrator,"Jacksonville, FL 32204 (Mixon Town area)",FIS Global,Indeed,2024-01-14
1,UI Designer,"Cincinnati, OH 45249",FIS Global,Indeed,2024-01-14
1,Mobile Developer,Remote,Eyewa,Indeed,2024-01-14
1,Mobile Developer,"Remote in Las Vegas, NV 89113",Everi,Indeed,2024-01-14
3,Game Development,"San Diego, CA",Epic Games,Indeed,2024-01-14
1,UI Designer,"Cary, NC",Epic Games,Indeed,2024-01-14
1,Game Development,"Cary, NC",Epic Games,Indeed,2024-01-14
1,Database Administrator,"Cary, NC",Epic Games,Indeed,2024-01-14
1,Web Development,Singapore,Ethos Organisation,Glint,2024-01-11
1,Game Development,Singapore,Ethos Organisation,Glint,2024-01-11
1,Business Analyst,Singapore,Ethos Organisation,Glint,2024-01-11
1,Mobile Developer,Singapore,EpicNgage Media Pte Ltd,Glint,2024-01-08
1,Frontend Developer,Singapore,EpicNgage Media Pte Ltd,Glint,2024-01-08
1,Backend Developer,Singapore,EpicNgage Media Pte Ltd,Glint,2024-01-08
2,Database Administrator,"Tallahassee, FL",Florida State University,Indeed,2024-01-14
1,Mobile Developer,"Atlanta, GA 30309 (Midtown area)",FlexIT Inc,Indeed,2024-01-14
1,Software Engineer,"Memphis, TN",FedEx Services,Indeed,2024-01-14
1,Mobile Developer,"Omaha, NE 68137",Farm Credit Services of America,Indeed,2024-01-14
1,Web Development,"Fairfax County, VA",Fairfax County Public Schools,Indeed,2024-01-14
1,Frontend Developer,"Los Angeles, CA",FactoryFour,Indeed,2024-01-14
1,Database Administrator,"Remote in Fort Wayne, IN 46809","FORT WAYNE METALS RESEARCH PRODUCTS, LLC",Indeed,2024-01-14
1,Database Administrator,"Little Rock, AR 72212 (River Mountain area)",FIS Global,Indeed,2024-01-14
1,Web Development,Singapore,FoodLine,Glint,2024-01-11
1,Game Development,Singapore,FoodLine,Glint,2024-01-11
1,Business Analyst,Singapore,FoodLine,Glint,2024-01-11
1,Frontend Developer,Remote,"Gametime United, Inc.",Indeed,2024-01-14
3,Database Administrator,"Pittsburgh, PA",GNC,Indeed,2024-01-14
1,Network Engineer,"Dallas, TX",G-Research,Indeed,2024-01-14
1,Database Administrator,"Annapolis Junction, MD 20701",Fuse Engineering LLC,Indeed,2024-01-14
1,Game Development,"Redwood City, CA",Funovus,Indeed,2024-01-14
1,Database Administrator,"San Antonio, TX",Frost Bank,Indeed,2024-01-14
2,Data Engineer,"San Antonio, TX",Frost Bank,Indeed,2024-01-14
1,Frontend Developer,Remote,Fraud.net,Indeed,2024-01-14
1,Devops Engineer,"New York, NY",Fox Corporation,Indeed,2024-01-14
1,Web Development,"Los Angeles, CA",Fox Corporation,Indeed,2024-01-14
2,Database Administrator,"Livingston, CA 95334",Foster Farms,Indeed,2024-01-14
1,Backend Developer,"Remote in Orange Park, FL 32073",Global Triangles,Indeed,2024-01-14
1,Data Analysts,"Lindon, UT 84042",Global Payments,Indeed,2024-01-14
1,Database Administrator,"Washington, DC",Global IT Solutions USI,Indeed,2024-01-14
1,Data Analysts,Remote,"GitHub, Inc.",Indeed,2024-01-14
1,Database Administrator,"Cumming, GA 30040",Geolanta Technologies,Indeed,2024-01-14
1,Software Engineer,"Reno, NV 89521 (South Reno area)",Generac Power Systems,Indeed,2024-01-14
1,Network Engineer,"Wilkes-Barre, PA",Geisinger,Indeed,2024-01-14
1,Database Administrator,"Danville, PA",Geisinger,Indeed,2024-01-14
1,Database Administrator,"Burlington, VT 05401",Gardener's Supply Company,Indeed,2024-01-14
1,Business Analyst,Singapore,GiftGood,Glint,2024-01-07
1,Frontend Developer,Remote,HRS,Indeed,2024-01-14
1,UI Designer,"Remote in Florham Park, NJ 07932",HR Acuity LLC,Indeed,2024-01-14
2,Mobile Developer,"Omaha, NE 68106",HDR,Indeed,2024-01-14
1,Data Analysts,Remote in United States,Greater Nevada Credit Union,Indeed,2024-01-14
1,Web Development,"Phoenix, AZ",Grand Canyon Education,Indeed,2024-01-14
1,Database Administrator,"Phoenix, AZ",Grand Canyon Education,Indeed,2024-01-14
1,Data Analysts,"Washington, DC 20002 (NoMa area)",Govcio LLC,Indeed,2024-01-14
1,Database Administrator,"Fairfax, VA 22031",Govcio LLC,Indeed,2024-01-14
1,Data Engineer,"Atlanta, GA",Google,Indeed,2024-01-14
1,Mobile Developer,Remote in Colorado,Globant,Indeed,2024-01-14
1,Frontend Developer,Arkansas,Globant,Indeed,2024-01-14
1,Frontend Developer,"Remote in Orange Park, FL 32073",Global Triangles,Indeed,2024-01-14
1,Database Administrator,"Des Moines, IA 50315 (Gray's Lake area)",Hearst Media Services,Indeed,2024-01-14
1,Software Architect,"Chicago, IL 60607 (West Town area)",Hearst Media Services,Indeed,2024-01-14
2,Data Engineer,"Bloomington, MN",HealthPartners/GHI,Indeed,2024-01-14
1,Database Administrator,"Remote in Austin, TX 78751",Health & Human Services Comm,Indeed,2024-01-14
1,Data Analysts,"Houston, TX 77002 (Downtown area)",Harris County,Indeed,2024-01-14
1,Database Administrator,"Agawam, MA",Harold Grinspoon Foundation,Indeed,2024-01-14
1,Network Engineer,"Palo Alto, CA 94306 (Evergreen Park area)",Harmony,Indeed,2024-01-14
2,Database Administrator,"Hybrid remote in Boston, MA",HarbourVest Partners,Indeed,2024-01-14
2,Database Administrator,"Hybrid remote in Edison, NJ 08837",Hackensack Meridian Health,Indeed,2024-01-14
1,Business Analyst,Singapore,Halcyon Agri Corporation Limited,Glint,2024-01-11
1,Data Analysts,"San Jose, CA 95131 (North Valley area)",Hypersonix,Indeed,2024-01-14
3,Network Engineer,"New York, NY",Hudson River Trading,Indeed,2024-01-14
1,Database Administrator,"Jersey City, NJ 07306 (Journal Square area)",Horizon Consulting Inc.,Indeed,2024-01-14
1,Business Analyst,"SeaTac, WA 98158",Horizon Air,Indeed,2024-01-14
1,Network Engineer,"Oklahoma City, OK",Hobby Lobby,Indeed,2024-01-14
1,Software Engineer,"Remote in Chicago, IL 60007",HirexHire,Indeed,2024-01-14
1,Backend Developer,"Remote in Chicago, IL 60007",HirexHire,Indeed,2024-01-14
1,Database Administrator,"Collierville, TN 38017","Helena Agri-Enterprises, LLC",Indeed,2024-01-14
1,Business Analyst,Đồng Nai,"Hyosung Vietnam Co., Ltd",CareerBuilder,2024-01-14
1,Devops Engineer,Singapore,I.O.T. Workz,Glint,2023-12-30
1,Data Engineer,Singapore,I.O.T. Workz,Glint,2023-12-30
1,Business Analyst,Singapore,Hello Tomorrow Asia Pacific,Glint,2024-01-12
2,Database Administrator,Remote in Georgia,InComm Payments,Indeed,2024-01-14
1,Web Development,Remote,Impulse Creative,Indeed,2024-01-14
1,Database Administrator,Remote in Minnesota,ImageTrend LLC,Indeed,2024-01-14
1,Database Administrator,"Oak Ridge, TN",ITR,Indeed,2024-01-14
1,Frontend Developer,Remote,INTERVOKE,Indeed,2024-01-14
1,Software Architect,"Santa Clara, CA",INTEL,Indeed,2024-01-14
1,Software Architect,Remote,INTEL,Indeed,2024-01-14
1,Devops Engineer,Remote,INTEL,Indeed,2024-01-14
2,Devops Engineer,"Westbrook, ME 04092",IDEXX,Indeed,2024-01-14
1,Backend Developer,"Durham, NC 27701",IBM,Indeed,2024-01-14
1,Software Engineer,Singapore,I.O.T. Workz,Glint,2023-12-30
1,Network Engineer,Singapore,I.O.T. Workz,Glint,2023-12-30
2,Database Administrator,"Atlanta, GA 30328",Inspire Brands,Indeed,2024-01-14
2,Software Architect,"San Jose, CA 95131 (North San Jose area)",Innominds Software,Indeed,2024-01-14
1,Devops Engineer,"Fremont, CA",Ingrain Systems Inc.,Indeed,2024-01-14
1,Database Administrator,Remote,Infor,Indeed,2024-01-14
1,Database Administrator,"Laurel, MD","Infinity Technology, LLC",Indeed,2024-01-14
1,Frontend Developer,United States,Indus Group,Indeed,2024-01-14
1,Database Administrator,"Bloomington, IN",Indiana University,Indeed,2024-01-14
1,Backend Developer,Remote,Included Health,Indeed,2024-01-14
1,Database Administrator,Hồ Chí Minh,Indo Trans Logistics,CareerBuilder,2023-12-16
1,Data Scientist,Hồ Chí Minh,Indo Trans Logistics,CareerBuilder,2023-12-16
1,Data Scientist,Hồ Chí Minh,Indo Trans Logistics,CareerBuilder,2024-01-14
2,Software Engineer,"Mountain View, CA 94043",Intuit,Indeed,2024-01-14
1,Business Analyst,"Atlanta, GA 30361",Intuit,Indeed,2024-01-14
1,Mobile Developer,"Santa Clara, CA",Intone Networks,Indeed,2024-01-14
1,Mobile Developer,Remote,Intone Networks,Indeed,2024-01-14
2,Database Administrator,Remote,Intone Networks,Indeed,2024-01-14
1,Business Analyst,Remote,Intone Networks,Indeed,2024-01-14
2,Mobile Developer,"Omaha, NE",Intone Networks,Indeed,2024-01-14
1,Database Administrator,"Chicago, IL 60611 (Near North area)",Intone Networks,Indeed,2024-01-14
1,Software Architect,"Dimondale, MI",Intellibee,Indeed,2024-01-14
1,Mobile Developer,"Charlotte, NC 28206 (Tryon Hills area)",Intellibee,Indeed,2024-01-14
1,Web Development,Singapore,Isentia,Glint,2024-01-11
1,Game Development,Singapore,Isentia,Glint,2024-01-11
1,Business Analyst,Singapore,Isentia,Glint,2024-01-11
1,Devops Engineer,"Remote in Jacksonville, FL 32258",Kemper,Indeed,2024-01-14
1,Software Architect,Remote,"Karsun Solutions, LLC",Indeed,2024-01-14
2,Database Administrator,United States,Kaizen Technologies,Indeed,2024-01-14
1,Software Architect,"Sunnyvale, CA 94089 (Lakewood area)",Juniper Networks,Indeed,2024-01-14
1,Web Development,Remote in United States,Jordan Technology,Indeed,2024-01-14
1,Data Analysts,"Remote in Providence, RI 02903",Johnson & Wales University,Indeed,2024-01-14
1,Database Administrator,"Jacksonville, FL",JnJ,Indeed,2024-01-14
1,Data Engineer,"Hagerstown, MD",JLG Industries Inc,Indeed,2024-01-14
1,Software Engineer,Singapore,Job Express Services Pte Ltd,Glint,2024-01-11
1,Network Engineer,Singapore,Job Express Services Pte Ltd,Glint,2024-01-11
1,Devops Engineer,Singapore,Job Express Services Pte Ltd,Glint,2024-01-11
1,Data Engineer,Singapore,Job Express Services Pte Ltd,Glint,2024-01-11
1,Database Administrator,Maryland,Leidos,Indeed,2024-01-14
1,Database Administrator,"Arlington, VA 22201",Leidos,Indeed,2024-01-14
1,Database Administrator,"Livermore, CA",Lawrence Livermore National Laboratory,Indeed,2024-01-14
1,Network Engineer,"San Antonio, TX 78218",Labatt Food Service,Indeed,2024-01-14
2,Network Engineer,"Seattle, WA",King County,Indeed,2024-01-14
1,Business Analyst,Hồ Chí Minh,Laidon Consulting Vietnam,CareerBuilder,2024-01-05
1,Business Analyst,Hà Nội,LOTTE FINANCE VIETNAM,CareerBuilder,2024-01-14
1,Business Analyst,Hà Nội,LOTTE FINANCE VIETNAM,CareerBuilder,2024-01-09
1,Data Analysts,Hà Nội,LOTTE FINANCE VIETNAM,CareerBuilder,2024-01-05
1,Business Analyst,Hà Nội,LOTTE FINANCE VIETNAM,CareerBuilder,2024-01-05
1,Business Analyst,Đồng Nai,LG - VINA Cosmetics,CareerBuilder,2024-01-11
1,Business Analyst,Singapore,Keyrus,Glint,2024-01-11
1,Data Analysts,"New York, NY 10271 (Financial District area)",Macmillan Publishers,Indeed,2024-01-14
1,Database Administrator,"Murrieta, CA",MSW Consultants,Indeed,2024-01-14
1,Database Administrator,United States,MBI Digital,Indeed,2024-01-14
3,Network Engineer,Remote,Luxoft,Indeed,2024-01-14
2,Business Analyst,"San Francisco, CA 94108 (Financial District/South Beach area)",Lumetra Healthcare Solutions,Indeed,2024-01-14
1,Database Administrator,"Ontario, CA",Lululemon,Indeed,2024-01-14
2,Database Administrator,"Remote in Dallas, TX 75201",Lucid Technologies Inc,Indeed,2024-01-14
1,Mobile Developer,"Remote in Charlotte, NC",Lucid Technologies Inc,Indeed,2024-01-14
1,Database Administrator,"Remote in Baton Rouge, LA 70808",Louisiana State University,Indeed,2024-01-14
1,Network Engineer,"Colorado Springs, CO",Lockheed Martin Corporation,Indeed,2024-01-14
1,Data Engineer,Hồ Chí Minh,MOVI Việt Nam,CareerBuilder,2024-01-04
2,Database Administrator,"Somerville, MA 02145 (Assembly Square area)",Mass General Brigham,Indeed,2024-01-14
1,Data Engineer,"Somerville, MA 02145 (Assembly Square area)",Mass General Brigham,Indeed,2024-01-14
1,Business Analyst,"Hybrid remote in Somerville, MA 02145",Mass General Brigham,Indeed,2024-01-14
1,Data Analysts,"Hybrid remote in Bethesda, MD",Management Leadership For Tomorrow,Indeed,2024-01-14
1,Network Engineer,"Cranbury, NJ 08512",Mahaugha,Indeed,2024-01-14
1,Software Engineer,Singapore,Marymount Labs,Glint,2023-12-27
1,Network Engineer,Singapore,Marymount Labs,Glint,2023-12-27
1,Devops Engineer,Singapore,Marymount Labs,Glint,2023-12-27
1,Data Engineer,Singapore,Marymount Labs,Glint,2023-12-27
1,Web Development,Singapore,Marymount Labs,Glint,2023-12-22
2,Game Development,Singapore,Marymount Labs,Glint,2023-12-22
1,Web Development,Singapore,Marymount Labs,Glint,2024-01-08
1,Game Development,Singapore,Marymount Labs,Glint,2024-01-08
1,Business Analyst,Singapore,Marymount Labs,Glint,2024-01-08
1,Network Engineer,"Dublin, OH 43017",Medical Mutual of Ohio,Indeed,2024-01-14
1,Frontend Developer,"Remote in Chicago, IL",MediaFly,Indeed,2024-01-14
1,Data Engineer,"San Diego, CA",MedWatchers,Indeed,2024-01-14
1,Database Administrator,"Columbus, OH 43222 (Franklinton area)",McKesson,Indeed,2024-01-14
2,Network Engineer,"Rochester, MN 55901",Mayo Clinic,Indeed,2024-01-14
1,Software Architect,"Remote in Rochester, MN 55901",Mayo Clinic,Indeed,2024-01-14
1,Frontend Developer,Remote,Maxar Technologies,Indeed,2024-01-14
1,Backend Developer,Remote,Maxar Technologies,Indeed,2024-01-14
1,Data Engineer,"Hybrid remote in New York, NY",Match Group,Indeed,2024-01-14
1,Software Engineer,"Boston, MA 02115 (Mission Hill area)",Massachusetts General Hospital(MGH),Indeed,2024-01-14
1,Data Analysts,"Boston, MA 02114 (West End area)",Massachusetts General Hospital(MGH),Indeed,2024-01-14
1,Data Engineer,Remote in United States,Michael Baker International,Indeed,2024-01-14
1,Software Engineer,"Hybrid remote in Chesterfield, MO 63017",MiTek Inc.,Indeed,2024-01-14
1,Software Engineer,"Chesterfield, MO 63017",MiTek Inc.,Indeed,2024-01-14
1,Business Analyst,Remote,MetLife,Indeed,2024-01-14
1,Game Development,Remote,Messari,Indeed,2024-01-14
2,Database Administrator,"Remote in Chesterfield, MO 63017",Mercy,Indeed,2024-01-14
1,Mobile Developer,"Remote in Santa Fe, NM",Meow Wolf,Indeed,2024-01-14
1,Software Engineer,"Rice, MN",Medtronic,Indeed,2024-01-14
1,Web Development,Singapore,Metropolitan YMCA Singapore,Glint,2023-12-18
1,Game Development,Singapore,Metropolitan YMCA Singapore,Glint,2023-12-18
1,Mobile Developer,Singapore,Metropolitan YMCA Singapore,Glint,2024-01-04
1,Frontend Developer,Singapore,Metropolitan YMCA Singapore,Glint,2024-01-04
1,Backend Developer,Singapore,Metropolitan YMCA Singapore,Glint,2024-01-04
1,Software Engineer,"Seattle, WA 98109 (South Lake Union area)",Moderna,Indeed,2024-01-14
1,Network Engineer,Michigan,Miracle Software Systems,Indeed,2024-01-14
1,Tester,"Bellevue, WA",MindSeekers,Indeed,2024-01-14
1,Software Engineer,Indiana,Milliman,Indeed,2024-01-14
1,Frontend Developer,"Hybrid remote in Oklahoma City, OK 73116",MidFirst Bank,Indeed,2024-01-14
1,Software Engineer,"Redmond, WA 98052 (Overlake area)",Microsoft,Indeed,2024-01-14
1,Software Architect,"Redmond, WA 98052 (Overlake area)",Microsoft,Indeed,2024-01-14
1,Game Development,"Redmond, WA 98052 (Overlake area)",Microsoft,Indeed,2024-01-14
1,Backend Developer,"Mountain View, CA 94043",Microsoft,Indeed,2024-01-14
1,Data Engineer,Singapore,Monstyr Pte. Ltd.,Glint,2023-12-14
1,Data Scientist,Singapore,Monstyr Pte. Ltd.,Glint,2024-01-11
1,Data Engineer,Singapore,Monstyr Pte. Ltd.,Glint,2024-01-11
1,Data Analysts,Singapore,Monstyr Pte. Ltd.,Glint,2024-01-11
1,UI Designer,"Lewisville, TX",Mr. Cooper,Indeed,2024-01-14
1,Mobile Developer,Singapore,NETS Solutions Pte. Ltd.,Glint,2023-12-27
1,Frontend Developer,Singapore,NETS Solutions Pte. Ltd.,Glint,2023-12-27
1,Backend Developer,Singapore,NETS Solutions Pte. Ltd.,Glint,2023-12-27
1,Software Engineer,Singapore,NETS Solutions Pte. Ltd.,Glint,2024-01-11
1,Software Architect,Singapore,NETS Solutions Pte. Ltd.,Glint,2024-01-11
1,Mobile Developer,Singapore,NETS Solutions Pte. Ltd.,Glint,2024-01-11
1,Frontend Developer,Singapore,NETS Solutions Pte. Ltd.,Glint,2024-01-11
1,Backend Developer,Singapore,NETS Solutions Pte. Ltd.,Glint,2024-01-11
1,UI Designer,Singapore,Moxy Pte. Ltd.,Glint,2024-01-11
1,Business Analyst,Singapore,Mothercare (s) Pte Ltd,Glint,2024-01-11
1,Software Engineer,Singapore,Monstyr Pte. Ltd.,Glint,2023-12-14
1,Software Architect,Singapore,Monstyr Pte. Ltd.,Glint,2023-12-14
1,Network Engineer,Singapore,Monstyr Pte. Ltd.,Glint,2023-12-14
1,Devops Engineer,Singapore,Monstyr Pte. Ltd.,Glint,2023-12-14
1,Network Engineer,"Hybrid remote in New York, NY",National Hockey League,Indeed,2024-01-14
2,Data Analysts,"New York, NY",NYU Langone,Indeed,2024-01-14
1,Web Development,"New York, NY",NYC Careers,Indeed,2024-01-14
1,Database Administrator,"Manhattan, NY",NYC Careers,Indeed,2024-01-14
1,Devops Engineer,"Hybrid remote in Manhattan, NY 10004",NYC Careers,Indeed,2024-01-14
2,Game Development,"Santa Clara, CA 95051",NVIDIA,Indeed,2024-01-14
1,Tester,"Santa Ana, CA",NIS AMERICA,Indeed,2024-01-14
1,Game Development,"Santa Ana, CA",NIS AMERICA,Indeed,2024-01-14
1,Data Analysts,Hồ Chí Minh,NINJA VAN VIỆT NAM,CareerBuilder,2023-12-20
1,Business Analyst,Singapore,National Institute Of Education,Glint,2024-01-04
1,Software Engineer,Singapore,NETS Solutions Pte. Ltd.,Glint,2023-12-27
1,Software Architect,Singapore,NETS Solutions Pte. Ltd.,Glint,2023-12-27
1,Mobile Developer,Remote,Netflix,Indeed,2024-01-14
1,Game Development,Remote,Netflix,Indeed,2024-01-14
1,Data Engineer,Remote,Netflix,Indeed,2024-01-14
1,Backend Developer,Remote,Netflix,Indeed,2024-01-14
2,Game Development,"Los Gatos, CA",Netflix,Indeed,2024-01-14
1,Game Development,"Los Angeles, CA",Netflix,Indeed,2024-01-14
1,Business Analyst,Singapore,National Institute Of Education,Glint,2023-12-20
1,Network Engineer,Singapore,National Institute Of Education,Glint,2023-12-18
1,Business Analyst,Singapore,National Institute Of Education,Glint,2023-12-18
1,Network Engineer,Singapore,National Institute Of Education,Glint,2023-12-15
2,Web Development,Singapore,National Institute Of Education,Glint,2024-01-11
2,Game Development,Singapore,National Institute Of Education,Glint,2024-01-11
2,Software Engineer,Singapore,National Institute Of Education,Glint,2024-01-08
2,Network Engineer,Singapore,National Institute Of Education,Glint,2024-01-08
2,Devops Engineer,Singapore,National Institute Of Education,Glint,2024-01-08
2,Data Engineer,Singapore,National Institute Of Education,Glint,2024-01-08
1,Software Architect,Hybrid remote in New Jersey,Nexagen,Indeed,2024-01-14
1,Frontend Developer,"Alpharetta, GA",NexZenTek,Indeed,2024-01-14
1,Backend Developer,"Alpharetta, GA",NexZenTek,Indeed,2024-01-14
1,Data Analysts,"Remote in Manhattan, NY 10065",NewYork-Presbyterian Hospital,Indeed,2024-01-14
1,Game Development,"Remote in Los Angeles, CA",Netflix,Indeed,2024-01-14
1,Software Engineer,Remote,Netflix,Indeed,2024-01-14
1,Data Engineer,Hà Nội,Ngân Hàng TMCP Quân Đội,CareerBuilder,2024-01-09
1,Data Analysts,Hà Nội,Ngân Hàng TMCP Quân Đội,CareerBuilder,2024-01-09
1,Business Analyst,Hà Nội,Ngân Hàng TMCP Quân Đội,CareerBuilder,2024-01-08
1,Data Scientist,Hà Nội,Ngân Hàng TMCP Quân Đội,CareerBuilder,2024-01-03
1,Business Analyst,Singapore,Next Gen Investors Endowment Ltd,Glint,2024-01-11
1,Web Development,"Paya Lebar, Singapore",Neu Industries Pte Ltd,Glint,2023-12-27
1,UI Designer,"Paya Lebar, Singapore",Neu Industries Pte Ltd,Glint,2023-12-27
3,Game Development,"Redmond, WA",Nintendo,Indeed,2024-01-14
1,Data Engineer,Hà Nội,Ngân hàng TMCP Thịnh vượng và Phát triển,CareerBuilder,2024-01-11
1,Data Analysts,Hồ Chí Minh,Ngân hàng TMCP Phát triển TP.HCM (HDBank),CareerBuilder,2024-01-03
1,Business Analyst,Hồ Chí Minh,Ngân hàng TMCP Phát triển TP.HCM (HDBank),CareerBuilder,2024-01-03
1,Business Analyst,Hà Nội,Ngân Hàng TMCP Việt Nam Thịnh Vượng - VPBANK,CareerBuilder,2023-12-28
1,Business Analyst,Hà Nội,Ngân Hàng TMCP Việt Nam Thịnh Vượng - VPBANK,CareerBuilder,2024-01-12
1,Data Scientist,Hà Nội,Ngân Hàng TMCP Việt Nam Thịnh Vượng - VPBANK,CareerBuilder,2024-01-09
1,Data Engineer,Hà Nội,Ngân Hàng TMCP Việt Nam Thịnh Vượng - VPBANK,CareerBuilder,2024-01-09
2,Business Analyst,Hà Nội,Ngân Hàng TMCP Việt Nam Thịnh Vượng - VPBANK,CareerBuilder,2024-01-09
1,Data Scientist,Hà Nội,Ngân Hàng TMCP Việt Nam Thịnh Vượng - VPBANK,CareerBuilder,2024-01-08
2,Data Scientist,Hà Nội,Ngân Hàng TMCP Việt Nam Thịnh Vượng - VPBANK,CareerBuilder,2024-01-02
1,Data Engineer,Hà Nội,Ngân Hàng TMCP Việt Nam Thịnh Vượng - VPBANK,CareerBuilder,2024-01-02
1,Business Analyst,Hà Nội,Ngân Hàng TMCP Sài Gòn - Hà Nội ( SHB ),CareerBuilder,2023-12-31
1,Data Engineer,Hà Nội,Ngân Hàng TMCP Quân Đội,CareerBuilder,2023-12-18
2,Data Scientist,Hà Nội,Ngân Hàng TMCP Quân Đội,CareerBuilder,2024-01-09
1,Tester,"Redmond, WA",Nintendo,Indeed,2024-01-14
3,Network Engineer,"Redmond, WA",Nintendo,Indeed,2024-01-14
1,UI Designer,Singapore,Noak,Glint,2023-12-29
1,Software Engineer,Singapore,Noak,Glint,2023-12-29
1,Software Architect,Singapore,Noak,Glint,2023-12-29
1,Network Engineer,Singapore,Noak,Glint,2023-12-29
1,Devops Engineer,Singapore,Noak,Glint,2023-12-29
1,Data Engineer,Singapore,Noak,Glint,2023-12-29
1,Mobile Developer,Singapore,Noak,Glint,2023-12-22
1,Frontend Developer,Singapore,Noak,Glint,2023-12-22
1,Backend Developer,Singapore,Noak,Glint,2023-12-22
1,UI Designer,Singapore,Noak,Glint,2023-12-20
1,Mobile Developer,Singapore,Noak,Glint,2023-12-20
1,Frontend Developer,Singapore,Noak,Glint,2023-12-20
1,Backend Developer,Singapore,Noak,Glint,2023-12-20
2,Backend Developer,"Philadelphia, PA",OpenSource Technologies,Indeed,2024-01-14
1,Database Administrator,"Irving, TX 75038",Om Tek,Indeed,2024-01-14
1,Business Analyst,"Reston, VA 20191",Octo,Indeed,2024-01-14
1,Database Administrator,"Powell, OH 43065",Ocean Blue Solutions,Indeed,2024-01-14
1,Tester,"San Francisco, CA",Ocado Group,Indeed,2024-01-14
1,Database Administrator,"Arcadia, CA",ONG HUMAN CAPITAL,Indeed,2024-01-14
1,Business Analyst,United States,Nuanza,Indeed,2024-01-14
1,Frontend Developer,"San Francisco, CA",Ntropy Network,Indeed,2024-01-14
1,Web Development,Singapore,Nubela Pte Ltd,Glint,2024-01-12
1,Game Development,Singapore,Nubela Pte Ltd,Glint,2024-01-12
1,Business Analyst,Singapore,Nubela Pte Ltd,Glint,2024-01-12
1,Database Administrator,"Kirkland, WA 98033 (Highlands area)",PACCAR,Indeed,2024-01-14
1,Database Administrator,"Phoenix, AZ 85036 (Encanto area)",Oxford Life Insurance Company,Indeed,2024-01-14
2,Database Administrator,"New York, NY 10018 (Garment District area)",Orbis,Indeed,2024-01-14
1,Software Architect,United States,Oracle,Indeed,2024-01-14
2,Database Administrator,United States,Oracle,Indeed,2024-01-14
1,Mobile Developer,"Pleasanton, CA 94588",Oracle,Indeed,2024-01-14
1,Network Engineer,"Remote in Syosset, NY 11791",Optum,Indeed,2024-01-14
1,Data Engineer,"Remote in Schaumburg, IL 60168",Optum,Indeed,2024-01-14
1,Network Engineer,"Remote in Saint Louis Park, MN 55416",Optum,Indeed,2024-01-14
1,Data Analysts,"Remote in Plymouth, MN 55441",Optum,Indeed,2024-01-14
1,Business Analyst,Singapore,PRS IN VIVO Singapore Pte Ltd,Glint,2024-01-11
1,UI Designer,Singapore,Oxygen Studio Designs Pte Ltd,Glint,2024-01-11
1,Database Administrator,Delaware,Pharmatic AG,Indeed,2024-01-14
1,Software Engineer,"Phoenix, AZ 85027 (Deer Valley area)",Performance,Indeed,2024-01-14
1,Software Architect,Remote in United States,"Perficient, Inc",Indeed,2024-01-14
1,Data Analysts,Remote in United States,"Perficient, Inc",Indeed,2024-01-14
1,Database Administrator,"Hybrid remote in Philadelphia, PA 19104",Penn Medicine,Indeed,2024-01-14
1,Database Administrator,"Hybrid remote in Austin, TX",Pedernales Electric Cooperative,Indeed,2024-01-14
1,Database Administrator,"Chicago, IL 60604 (The Loop area)",Peak6,Indeed,2024-01-14
1,Devops Engineer,"San Francisco, CA",PayJoy,Indeed,2024-01-14
1,Web Development,Singapore,PT Webuy Social Indonesia,Glint,2024-01-11
1,Data Scientist,Singapore,PT DayaTani Digital Indonesia,Glint,2024-01-11
1,Data Engineer,Singapore,PT DayaTani Digital Indonesia,Glint,2024-01-11
1,Data Analysts,Singapore,PT DayaTani Digital Indonesia,Glint,2024-01-11
1,Network Engineer,Puerto Rico,Popular Community Bank,Indeed,2024-01-14
1,UI Designer,"Seattle, WA",Placements.io,Indeed,2024-01-14
1,Data Engineer,"Seattle, WA",PitchBook Data,Indeed,2024-01-14
1,Database Administrator,"West Des Moines, IA 50266",Pioneer Consulting Services,Indeed,2024-01-14
2,Web Development,"Remote in San Francisco, CA",Pinterest,Indeed,2024-01-14
3,Software Engineer,"Remote in San Francisco, CA",Pinterest,Indeed,2024-01-14
1,Data Analysts,"Remote in San Francisco, CA",Pinterest,Indeed,2024-01-14
1,Backend Developer,"Remote in San Francisco, CA",Pinterest,Indeed,2024-01-14
1,Software Engineer,"Remote in Palo Alto, CA",Pinterest,Indeed,2024-01-14
2,Frontend Developer,Virginia,Photon,Indeed,2024-01-14
1,UI Designer,"Dallas, TX",Photon,Indeed,2024-01-14
1,Web Development,Singapore,Pinetree Securities Pte Ltd,Glint,2024-01-11
1,Game Development,Singapore,Pinetree Securities Pte Ltd,Glint,2024-01-11
1,Business Analyst,Singapore,Pinetree Securities Pte Ltd,Glint,2024-01-11
1,Data Analysts,"Palo Alto, CA","Provectus IT, Inc.",Indeed,2024-01-14
1,Data Engineer,"Iowa City, IA 52240",Procter & Gamble,Indeed,2024-01-14
1,Data Analysts,"Iowa City, IA 52240",Procter & Gamble,Indeed,2024-01-14
3,Network Engineer,"Santa Clara, CA",Prismo Transforms Security Operations,Indeed,2024-01-14
1,Business Analyst,Remote,Prime Therapeutics,Indeed,2024-01-14
1,Mobile Developer,"Albuquerque, NM 87113 (Alameda N Valley area)",Presbyterian Healthcare Services,Indeed,2024-01-14
1,Backend Developer,United States,Premier Lacrosse League,Indeed,2024-01-14
1,Frontend Developer,"Wichita, KS 67202",PredICT Interactive,Indeed,2024-01-14
1,Backend Developer,Remote,Postman,Indeed,2024-01-14
1,Web Development,Singapore,Prospr Consulting Pte Ltd,Glint,2024-01-11
1,Game Development,Singapore,Prospr Consulting Pte Ltd,Glint,2024-01-11
1,Business Analyst,Singapore,Prospr Consulting Pte Ltd,Glint,2024-01-11
1,Software Architect,"San Francisco Bay Area, CA",Qualcomm,Indeed,2024-01-14
1,Software Engineer,"San Diego, CA",Qualcomm,Indeed,2024-01-14
2,Software Architect,"San Diego, CA",Qualcomm,Indeed,2024-01-14
1,Devops Engineer,"San Diego, CA",Qualcomm,Indeed,2024-01-14
1,Backend Developer,"Remote in Tysons Corner, VA",Qrvey,Indeed,2024-01-14
1,Database Administrator,"Reston, VA",QVine Corporation,Indeed,2024-01-14
1,Business Analyst,"Seattle, WA",Pythonwise,Indeed,2024-01-14
1,Data Analysts,New York State,Public Health Solutions,Indeed,2024-01-14
1,Data Engineer,Remote in Washington State,Providence,Indeed,2024-01-14
1,Data Engineer,Remote in Texas,Providence,Indeed,2024-01-14
1,Mobile Developer,Singapore,Q Retail Pte Ltd,Glint,2024-01-11
1,Frontend Developer,Singapore,Q Retail Pte Ltd,Glint,2024-01-11
1,Backend Developer,Singapore,Q Retail Pte Ltd,Glint,2024-01-11
1,Frontend Developer,"Huntsville, AL",Radiance Technologies,Indeed,2024-01-14
1,Software Architect,Remote,Rackspace,Indeed,2024-01-14
2,Business Analyst,"Malvern, PA",RST solutions,Indeed,2024-01-14
1,Data Analysts,"Washington, DC (Downtown area)",RELX,Indeed,2024-01-14
1,Data Engineer,"Hybrid remote in Alpharetta, GA",RELX,Indeed,2024-01-14
1,Data Analysts,"Atlanta, GA",R Square Analytics,Indeed,2024-01-14
3,Web Development,Singapore,RYSE Marketing Group,Glint,2024-01-12
3,Game Development,Singapore,RYSE Marketing Group,Glint,2024-01-12
3,Business Analyst,Singapore,RYSE Marketing Group,Glint,2024-01-12
44,Web Development,Singapore,RYSE Marketing Group,Glint,2024-01-11
1,UI Designer,Singapore,RYSE Marketing Group,Glint,2024-01-11
43,Game Development,Singapore,RYSE Marketing Group,Glint,2024-01-11
35,Business Analyst,Singapore,RYSE Marketing Group,Glint,2024-01-11
1,Database Administrator,"Philadelphia, PA","Resource Management Concepts, Inc.",Indeed,2024-01-14
1,Frontend Developer,Oregon,Renet Consulting,Indeed,2024-01-14
1,Data Analysts,Remote,Renaissance,Indeed,2024-01-14
1,Backend Developer,Remote,"Remote Technology, Inc.",Indeed,2024-01-14
1,Backend Developer,Remote,Regrow,Indeed,2024-01-14
2,Data Analysts,United States,Red Tettemer O'Connell + Partners,Indeed,2024-01-14
2,Mobile Developer,"Charlotte, NC",Red Technologies,Indeed,2024-01-14
1,Software Engineer,Singapore,Rakuten Asia,Glint,2024-01-11
1,Software Architect,Singapore,Rakuten Asia,Glint,2024-01-11
1,Network Engineer,Singapore,Rakuten Asia,Glint,2024-01-11
1,Devops Engineer,Singapore,Rakuten Asia,Glint,2024-01-11
1,Data Engineer,Singapore,Rakuten Asia,Glint,2024-01-11
2,Data Analysts,Remote,RogueSearch,Indeed,2024-01-14
1,Web Development,Remote,Rippling,Indeed,2024-01-14
1,Backend Developer,"Hybrid remote in Sacramento, CA",Rhombus,Indeed,2024-01-14
2,Mobile Developer,Singapore,Rsm Singapore,Glint,2024-01-10
2,Frontend Developer,Singapore,Rsm Singapore,Glint,2024-01-10
1,Data Scientist,Singapore,Rsm Singapore,Glint,2024-01-10
1,Data Engineer,Singapore,Rsm Singapore,Glint,2024-01-10
1,Data Analysts,Singapore,Rsm Singapore,Glint,2024-01-10
2,Backend Developer,Singapore,Rsm Singapore,Glint,2024-01-10
1,Data Scientist,"Orchard, Singapore",Rsm Singapore,Glint,2023-12-18
1,Data Engineer,"Orchard, Singapore",Rsm Singapore,Glint,2023-12-18
1,Data Analysts,"Orchard, Singapore",Rsm Singapore,Glint,2023-12-18
1,Web Development,Singapore,Royal Organisation Pte Ltd,Glint,2024-01-11
1,Game Development,Singapore,Royal Organisation Pte Ltd,Glint,2024-01-11
1,Database Administrator,"Metuchen, NJ 08840",S Cube Soft,Indeed,2024-01-14
1,UI Designer,"Chicago, IL 60606 (Loop area)","Ryan Specialty, LLC",Indeed,2024-01-14
1,UI Designer,Singapore,SC DESIGN AND BUILT PTE LTD,Glint,2024-01-11
1,Web Development,Singapore,SATS Ltd,Glint,2023-12-31
1,Game Development,Singapore,SATS Ltd,Glint,2023-12-31
2,Data Scientist,Singapore,SATS Ltd,Glint,2023-12-18
2,Data Engineer,Singapore,SATS Ltd,Glint,2023-12-18
2,Data Analysts,Singapore,SATS Ltd,Glint,2023-12-18
2,Business Analyst,Singapore,SATS Ltd,Glint,2023-12-18
1,Business Analyst,Singapore,Rsm Singapore,Glint,2023-12-18
1,Business Analyst,Singapore,Rsm Singapore,Glint,2023-12-14
1,Web Development,Singapore,Rsm Singapore,Glint,2024-01-12
1,Game Development,Singapore,Rsm Singapore,Glint,2024-01-12
1,Software Engineer,Singapore,Rsm Singapore,Glint,2024-01-10
1,Software Architect,Singapore,Rsm Singapore,Glint,2024-01-10
1,Data Engineer,"Mountain View, CA 94043",Samsung Electronics,Indeed,2024-01-14
1,Software Engineer,"Mountain View, CA",Samsung Electronics,Indeed,2024-01-14
1,Devops Engineer,"Mountain View, CA",Samsung Electronics,Indeed,2024-01-14
1,Software Architect,"Remote in San Francisco, CA 94105",Salesforce,Indeed,2024-01-14
1,Devops Engineer,"Hybrid remote in Pleasanton, CA 94588",Safeway,Indeed,2024-01-14
1,Business Analyst,Remote,SYNERGY HomeCare Franchising LLC,Indeed,2024-01-14
1,Devops Engineer,"Remote in New York, NY",SS&C,Indeed,2024-01-14
1,Database Administrator,"Fairfax, VA 22030",SPN Solutions Inc.,Indeed,2024-01-14
1,Database Administrator,"Oaks, PA 19456",SEI1GLOBAL,Indeed,2024-01-14
1,Data Analysts,Hồ Chí Minh,SYBSY Ltd.,CareerBuilder,2024-01-08
1,Business Analyst,Hồ Chí Minh,SYBSY Ltd.,CareerBuilder,2024-01-08
1,UI Designer,Singapore,Saha Marketing (S) Pte Ltd,Glint,2024-01-11
1,Data Analysts,"Remote in San Diego, CA 92121",ServiceNow,Indeed,2024-01-14
1,Database Administrator,"Herndon, VA 20170",Serco North America,Indeed,2024-01-14
1,Data Engineer,Remote in California,Sephora,Indeed,2024-01-14
1,Devops Engineer,"Virginia Beach, VA 23455 (Bayside area)",Sentara Healthcare,Indeed,2024-01-14
1,Mobile Developer,"Portland, OR 97223",Selectron Technologies Inc,Indeed,2024-01-14
1,Database Administrator,"Seattle, WA",Seattle Childrens Hospital,Indeed,2024-01-14
1,Frontend Developer,"Remote in San Francisco, CA",Scribd,Indeed,2024-01-14
1,UI Designer,"Burlington, VT","Scout Digital, Inc.",Indeed,2024-01-14
1,Web Development,Remote in United States,Schneider Electric,Indeed,2024-01-14
1,Tester,Remote,Sapta Global Inc.,Indeed,2024-01-14
1,Mobile Developer,"Redwood, CA",Social Concepts,Indeed,2024-01-14
1,Mobile Developer,"Dallas, TX 75240 (North Dallas area)",Smile Doctors,Indeed,2024-01-14
1,Mobile Developer,"Bellevue, WA",Smart Computer Engineers,Indeed,2024-01-14
1,Frontend Developer,"Palo Alto, CA 94301 (University South area)",Skydera,Indeed,2024-01-14
1,Frontend Developer,Remote,Skillspark AB,Indeed,2024-01-14
1,Tester,"Dallas, TX 75202 (Downtown area)",Simpalm,Indeed,2024-01-14
1,Database Administrator,"Laurel, MD",SilverEdge,Indeed,2024-01-14
1,Database Administrator,"Chicago, IL 60603 (The Loop area)",Sidley Austin LLP,Indeed,2024-01-14
2,Database Administrator,"Phoenix, AZ 85018 (Camelback East area)",Shamrock Foods Company,Indeed,2024-01-14
1,UI Designer,Singapore,Singapore Wine Delivery,Glint,2024-01-12
1,Database Administrator,"Washington, DC",Sriram Business Solutions,Indeed,2024-01-14
1,UI Designer,Remote,Splunk,Indeed,2024-01-14
2,Database Administrator,"St. Louis, MO",Sovereign Technologies,Indeed,2024-01-14
1,Game Development,California,Sony Electronics,Indeed,2024-01-14
1,Database Administrator,"Lewisville, TX 75067",Solix Technologies,Indeed,2024-01-14
1,Database Administrator,United States,SogoTrade,Indeed,2024-01-14
1,Frontend Developer,United States,Softon Digital,Indeed,2024-01-14
1,UI Designer,Singapore,Source Studio Pte Ltd,Glint,2024-01-11
1,Data Scientist,Singapore,Soristic,Glint,2024-01-11
1,Data Engineer,Singapore,Soristic,Glint,2024-01-11
1,Data Analysts,Singapore,Soristic,Glint,2024-01-11
1,Tester,"Remote in McLean, VA 22102",Steampunk,Indeed,2024-01-14
1,Business Analyst,"Remote in McLean, VA 22102",Steampunk,Indeed,2024-01-14
1,Database Administrator,"Jefferson City, MO 65101",State of Missouri,Indeed,2024-01-14
1,Data Analysts,"Remote in Saint Paul, MN 55101",State of Minnesota,Indeed,2024-01-14
1,Database Administrator,"Clarkston, GA",State of Georgia,Indeed,2024-01-14
1,Database Administrator,"Burlington, MA",State Street,Indeed,2024-01-14
2,Software Engineer,"Hybrid remote in Bloomington, IL 61701",State Farm,Indeed,2024-01-14
1,Data Analysts,United States,Star Seven Six,Indeed,2024-01-14
1,Business Analyst,"Hybrid remote in Stanford, CA",Stanford University,Indeed,2024-01-14
1,Devops Engineer,"Palo Alto, CA 94303",Stanford Health Care,Indeed,2024-01-14
1,Business Analyst,"Newark, CA 94560",Stanford Health Care,Indeed,2024-01-14
1,Business Analyst,"Remote in San Francisco, CA",Surya Systems,Indeed,2024-01-14
1,Network Engineer,"San Jose, CA 95131 (North Valley area)",Super Micro Computer,Indeed,2024-01-14
1,Game Development,California,Super Free Games,Indeed,2024-01-14
1,Data Engineer,"Hybrid remote in New York, NY 10172",Sumitomo Mitsui Banking Corporation,Indeed,2024-01-14
1,Database Administrator,"Santa Ana, CA",Sukut Construction LLC,Indeed,2024-01-14
1,Game Development,"San Ramon, CA",Striking Distance Studios,Indeed,2024-01-14
1,UI Designer,Remote,"Stride, Inc.",Indeed,2024-01-14
2,Business Analyst,Remote,"Stride, Inc.",Indeed,2024-01-14
1,UI Designer,"Hybrid remote in San Francisco Bay Area, CA",Stockpile,Indeed,2024-01-14
3,Database Administrator,"San Francisco, CA","Stem, Inc.",Indeed,2024-01-14
1,Data Analysts,"Austin, TX 78759 (Arboretum area)",Steck Systems,Indeed,2024-01-14
1,UI Designer,Singapore,Story Box Collective Pte Ltd,Glint,2023-12-14
1,Database Administrator,"Harrisburg, PA",TRA'BIAN ENTERPRISES,Indeed,2024-01-14
1,Data Engineer,"Dallas, TX",TRA'BIAN ENTERPRISES,Indeed,2024-01-14
3,Tester,"Columbus, OH",TRA'BIAN ENTERPRISES,Indeed,2024-01-14
1,Network Engineer,"Columbus, OH",TRA'BIAN ENTERPRISES,Indeed,2024-01-14
2,Database Administrator,"Columbus, OH",TRA'BIAN ENTERPRISES,Indeed,2024-01-14
1,Business Analyst,"Columbus, OH",TRA'BIAN ENTERPRISES,Indeed,2024-01-14
1,Mobile Developer,"Santa Monica, CA 90405 (Ocean Park area)",TOVIA,Indeed,2024-01-14
1,Database Administrator,"Austin, TX 78752 (Highland area)",TEXAS DEPARTMENT OF PUBLIC SAFETY,Indeed,2024-01-14
1,Data Analysts,Remote,TEOCO,Indeed,2024-01-14
1,Software Architect,"New York, NY","TED Conferences, LLC",Indeed,2024-01-14
1,Business Analyst,Remote,Symetra Financial,Indeed,2024-01-14
1,Devops Engineer,"Bala-Cynwyd, PA",Susquehanna International Group,Indeed,2024-01-14
1,Database Administrator,"Bala-Cynwyd, PA",Susquehanna International Group,Indeed,2024-01-14
1,Network Engineer,Colorado,Telnet Inc,Indeed,2024-01-14
1,Backend Developer,Remote,Tekserv,Indeed,2024-01-14
1,Database Administrator,"Carrollton, TX 75007",Tek Ninjas,Indeed,2024-01-14
1,Tester,Remote,"Technology Solutions Provider, Inc.",Indeed,2024-01-14
1,Mobile Developer,"Newark, CA",Tasktoday,Indeed,2024-01-14
2,Database Administrator,"Washington, DC",TRA'BIAN ENTERPRISES,Indeed,2024-01-14
1,Data Analysts,Remote,TRA'BIAN ENTERPRISES,Indeed,2024-01-14
1,Mobile Developer,"New York, NY",TRA'BIAN ENTERPRISES,Indeed,2024-01-14
1,Business Analyst,Hồ Chí Minh,Techtronic Industries Vietnam (TTI),CareerBuilder,2023-12-28
1,Business Analyst,Hồ Chí Minh,Techtronic Industries Vietnam (TTI),CareerBuilder,2024-01-07
2,Data Engineer,Hồ Chí Minh,TRAN DUC GROUP - CÔNG TY CỔ PHẦN TRẦN ĐỨC,CareerBuilder,2023-12-19
1,Data Analysts,Hồ Chí Minh,TRAN DUC GROUP - CÔNG TY CỔ PHẦN TRẦN ĐỨC,CareerBuilder,2023-12-19
1,Web Development,Singapore,Talent Trust,Glint,2024-01-11
1,Devops Engineer,"Bastrop, TX 78602",The Boring Company,Indeed,2024-01-14
1,Data Analysts,"Hybrid remote in Houston, TX 77007",Texas Department of Transportation,Indeed,2024-01-14
1,UI Designer,"Hybrid remote in Austin, TX 78744",Texas Department of Transportation,Indeed,2024-01-14
1,Data Analysts,"Houston, TX 77007 (Memorial Park area)",Texas Department of Transportation,Indeed,2024-01-14
1,Network Engineer,"Sacramento, CA",Tesla,Indeed,2024-01-14
1,Software Architect,"Remote in Phoenix, AZ",Terumo Health Outcomes,Indeed,2024-01-14
1,Game Development,"Los Angeles, CA",Tencent,Indeed,2024-01-14
1,UI Designer,"Lexington, KY 40511",Tempur Sealy,Indeed,2024-01-14
1,UI Designer,Remote,Tembo Health,Indeed,2024-01-14
1,UI Designer,Texas,Telnet Inc,Indeed,2024-01-14
1,Web Development,Georgia,Telnet Inc,Indeed,2024-01-14
1,Data Engineer,Remote,The Motley Fool,Indeed,2024-01-14
1,Database Administrator,"New York, NY 10017 (Tudor City area)",The Fedcap Group,Indeed,2024-01-14
1,Software Architect,Remote,The Cincinnati Insurance Companies,Indeed,2024-01-14
2,Database Administrator,Remote,The Cincinnati Insurance Companies,Indeed,2024-01-14
1,Data Engineer,Remote,The Cincinnati Insurance Companies,Indeed,2024-01-14
1,Web Development,Singapore,The Ivory,Glint,2024-01-10
1,Mobile Developer,Singapore,The Ivory,Glint,2024-01-10
1,Frontend Developer,Singapore,The Ivory,Glint,2024-01-10
1,Backend Developer,Singapore,The Ivory,Glint,2024-01-10
1,UI Designer,Singapore,The Interior Lab (TIL) Pte Ltd,Glint,2023-12-29
1,UI Designer,Singapore,The Good Hood Pte Ltd,Glint,2024-01-14
1,UI Designer,Singapore,The First Refresh,Glint,2024-01-11
1,Business Analyst,Singapore,The Financial Assembly,Glint,2024-01-11
1,Game Development,"New York, NY",The Walt Disney Company (Corporate),Indeed,2024-01-14
1,Database Administrator,"Las Vegas, NV 89109 (The Strip area)",The Venetian Las Vegas,Indeed,2024-01-14
1,Data Analysts,"Pittsburgh, PA",The University of Pittsburgh,Indeed,2024-01-14
1,Network Engineer,"Boulder, CO",The Trade Desk,Indeed,2024-01-14
1,Network Engineer,Singapore,Thinkreh,Glint,2024-01-11
1,Devops Engineer,Singapore,Thinkreh,Glint,2024-01-11
1,Data Engineer,Singapore,Thinkreh,Glint,2024-01-11
1,Business Analyst,Singapore,The Swim Starter,Glint,2023-12-20
1,Software Engineer,Singapore,The Swim Starter,Glint,2024-01-11
1,Software Architect,Singapore,The Swim Starter,Glint,2024-01-11
1,Network Engineer,Singapore,The Swim Starter,Glint,2024-01-11
1,Devops Engineer,Singapore,The Swim Starter,Glint,2024-01-11
1,Data Engineer,Singapore,The Swim Starter,Glint,2024-01-11
1,Web Development,"New York, NY 10036 (Midtown area)",Touro University New York,Indeed,2024-01-14
1,Software Engineer,"Durham, NC","Toshiba Global Commerce Solutions, Inc.",Indeed,2024-01-14
1,Tester,"Remote in Madrid, IA",Topaz Labs,Indeed,2024-01-14
1,Database Administrator,"Hybrid remote in Houston, TX 77040",Tokio Marine HCC,Indeed,2024-01-14
1,Frontend Developer,"East Brunswick, NJ",Thorium digital,Indeed,2024-01-14
1,Network Engineer,Singapore,Transcelestial Technologies,Glint,2024-01-11
1,Devops Engineer,Singapore,Transcelestial Technologies,Glint,2024-01-11
1,Data Engineer,Singapore,Transcelestial Technologies,Glint,2024-01-11
1,Software Architect,Singapore,Trace Design + Build Pte. Ltd.,Glint,2024-01-11
1,Web Development,Singapore,Titan Digital Media,Glint,2024-01-11
1,Game Development,Singapore,Titan Digital Media,Glint,2024-01-11
1,Business Analyst,Singapore,Titan Digital Media,Glint,2024-01-09
1,Business Analyst,"Hybrid remote in Medford, MA 02155",Tufts University,Indeed,2024-01-14
1,Business Analyst,"Delmont, PA",True Helix,Indeed,2024-01-14
3,Database Administrator,"Aurora, CO",Triwave Solutions,Indeed,2024-01-14
1,Business Analyst,United States,TriHealth,Indeed,2024-01-14
1,Network Engineer,"Cincinnati, OH",TriHealth,Indeed,2024-01-14
1,UI Designer,Singapore,Trueworld Studios,Glint,2023-12-29
1,Game Development,Singapore,Trueworld Studios,Glint,2023-12-29
1,Game Development,Singapore,Trueworld Studios,Glint,2024-01-12
1,Web Development,Singapore,Treehouse Finance,Glint,2023-12-18
1,Game Development,Singapore,Treehouse Finance,Glint,2023-12-18
1,Business Analyst,Singapore,Treehouse Finance,Glint,2023-12-18
1,Software Engineer,Singapore,Transcelestial Technologies,Glint,2024-01-11
1,Software Architect,Singapore,Transcelestial Technologies,Glint,2024-01-11
1,Software Engineer,"Los Angeles, CA",USC,Indeed,2024-01-14
1,Data Analysts,Remote,US Foods,Indeed,2024-01-14
1,Database Administrator,"Los Angeles, CA 90095",UCLA Health,Indeed,2024-01-14
1,Business Analyst,"Seattle, WA",UBS,Indeed,2024-01-14
1,Mobile Developer,Remote,U-Haul,Indeed,2024-01-14
1,Business Analyst,Hà Nội,Tổng công ty Cổ phần Bảo hiểm Bưu điện,CareerBuilder,2023-12-29
1,Data Engineer,Hà Nội,Tổng công ty Cổ phần Bảo hiểm Bưu điện,CareerBuilder,2023-12-27
1,Data Analysts,Hà Nội,Tổng công ty Cổ phần Bảo hiểm Bưu điện,CareerBuilder,2023-12-25
1,Database Administrator,Hà Nội,Tổng Công ty Cổ phần Công trình Viettel,CareerBuilder,2024-01-14
1,Business Analyst,Hà Nội,Tập Đoàn Tân Á Đại Thành,CareerBuilder,2024-01-12
2,Data Engineer,Singapore,USER,Glint,2024-01-11
1,Business Analyst,Singapore,USER,Glint,2024-01-11
1,UI Designer,"Outram, Singapore",Type A,Glint,2024-01-11
1,Business Analyst,"Tacoma, WA 98409 (South Tacoma area)",Umpqua Bank,Indeed,2024-01-14
1,Network Engineer,"Pleasant Prairie, WI 53158",Uline,Indeed,2024-01-14
1,Software Engineer,"Remote in Bellevue, WA 98004",UiPath,Indeed,2024-01-14
2,Software Engineer,"New York, NY 10017 (Midtown area)",UiPath,Indeed,2024-01-14
1,Tester,"Cerritos, CA",UST,Indeed,2024-01-14
1,Business Analyst,"Alpharetta, GA 30004",UST,Indeed,2024-01-14
1,Tester,"Aliso Viejo, CA",UST,Indeed,2024-01-14
1,Web Development,Singapore,USER,Glint,2024-01-11
2,Software Engineer,Singapore,USER,Glint,2024-01-11
2,Network Engineer,Singapore,USER,Glint,2024-01-11
1,Game Development,Singapore,USER,Glint,2024-01-11
2,Devops Engineer,Singapore,USER,Glint,2024-01-11
1,Database Administrator,"Tampa, FL 33620 (Terrace Park area)",University of South Florida,Indeed,2024-01-14
1,Backend Developer,"San Jose, CA (North San Jose area)",University of San Jose,Indeed,2024-01-14
1,Data Analysts,"Oklahoma City, OK 73104",University of Oklahoma,Indeed,2024-01-14
1,Database Administrator,"Hybrid remote in Minneapolis, MN",University of Minnesota,Indeed,2024-01-14
1,Business Analyst,"Hybrid remote in Lexington, KY 40509",University of Kentucky Federal Credit Union,Indeed,2024-01-14
1,Database Administrator,"Birmingham, AL",University of Alabama at Birmingham,Indeed,2024-01-14
1,Database Administrator,"Athens, GA 30606",University Systems of Georgia,Indeed,2024-01-14
1,Data Engineer,United States,University Bank,Indeed,2024-01-14
1,Business Analyst,"Remote in Cypress, CA 90630",UnitedHealthcare,Indeed,2024-01-14
1,Data Scientist,Hồ Chí Minh,Unilever Vietnam International,CareerBuilder,2024-01-04
1,Database Administrator,"East Brunswick, NJ 08816",Vaspire Technologies,Indeed,2024-01-14
1,Database Administrator,"Bellevue, WA",Valve Software,Indeed,2024-01-14
1,Network Engineer,"Madera, CA 93636",Valley Children's Healthcare,Indeed,2024-01-14
1,Mobile Developer,"Seattle, WA",Vadam Group,Indeed,2024-01-14
1,Database Administrator,"Herndon, VA",VASS,Indeed,2024-01-14
1,Database Administrator,Remote,Unum,Indeed,2024-01-14
1,Data Analysts,"Atlanta, GA 30308 (Old Fourth Ward area)",Unum,Indeed,2024-01-14
2,Web Development,"Seattle, WA 98195 (University District area)",University of Washington,Indeed,2024-01-14
1,Business Analyst,Hồ Chí Minh,VDSC - Công ty CP Chứng khoán Rồng Việt,CareerBuilder,2023-12-29
1,Business Analyst,Hồ Chí Minh,VDSC - Công ty CP Chứng khoán Rồng Việt,CareerBuilder,2023-12-28
1,Business Analyst,Hồ Chí Minh,VDSC - Công ty CP Chứng khoán Rồng Việt,CareerBuilder,2023-12-25
3,Business Analyst,Hồ Chí Minh,VDSC - Công ty CP Chứng khoán Rồng Việt,CareerBuilder,2024-01-13
1,Backend Developer,"New York, NY",Via,Indeed,2024-01-14
1,Mobile Developer,Remote,Vertex US Holdings INC,Indeed,2024-01-14
1,Frontend Developer,"San Mateo, CA",Verkada,Indeed,2024-01-14
1,Network Engineer,"Dallas, TX",Vericast,Indeed,2024-01-14
1,Database Administrator,"Sayreville, NJ 08872",Vensit,Indeed,2024-01-14
1,Software Engineer,Singapore,Vibefam,Glint,2024-01-12
1,Software Architect,Singapore,Vibefam,Glint,2024-01-12
1,Network Engineer,Singapore,Vibefam,Glint,2024-01-12
1,Devops Engineer,Singapore,Vibefam,Glint,2024-01-12
1,Data Engineer,Singapore,Vibefam,Glint,2024-01-12
1,Software Engineer,Singapore,Vflowtech,Glint,2024-01-11
1,Network Engineer,Singapore,Vflowtech,Glint,2024-01-11
1,Devops Engineer,Singapore,Vflowtech,Glint,2024-01-11
1,Data Engineer,Singapore,Vflowtech,Glint,2024-01-11
1,Network Engineer,Remote,WEX Inc.,Indeed,2024-01-14
1,Data Analysts,Remote,WEX Inc.,Indeed,2024-01-14
1,Business Analyst,"New York, NY",Voya Financial,Indeed,2024-01-14
1,Database Administrator,"Tampa, FL",Visionet Systems,Indeed,2024-01-14
1,Tester,Remote,Visionary Integration Professionals LLC,Indeed,2024-01-14
1,Database Administrator,"Hybrid remote in Irving, TX",Virtusa,Indeed,2024-01-14
1,Backend Developer,"Woodbury, MN",Virtue Analytics,Indeed,2024-01-14
1,Mobile Developer,"Remote in Washington, DC",Viderity Inc.,Indeed,2024-01-14
1,Backend Developer,"Remote in Alexandria, VA",Viderity Inc.,Indeed,2024-01-14
1,UI Designer,"San Francisco, CA",Video.io,Indeed,2024-01-14
1,Database Administrator,"Remote in Reynoldsburg, OH 43068",Victoria's Secret,Indeed,2024-01-14
1,UI Designer,Singapore,Viharbour (Singapore) Enterprise Pte Ltd,Glint,2024-01-11
1,Mobile Developer,United States,WebCreek,Indeed,2024-01-14
1,Frontend Developer,United States,WebCreek,Indeed,2024-01-14
1,Frontend Developer,"Hybrid remote in Arlington, VA 22201",Web Development Group (WDG),Indeed,2024-01-14
2,Database Administrator,"Hillsboro, OR 97124","Washington County, OR",Indeed,2024-01-14
1,Software Engineer,"Burbank, CA 91505",Warner Bros. Discovery,Indeed,2024-01-14
1,Software Engineer,"Atlanta, GA 30303 (Downtown area)",Warner Bros. Discovery,Indeed,2024-01-14
1,Network Engineer,"Hybrid remote in Atlanta, GA",Warner Bros Careers,Indeed,2024-01-14
1,UI Designer,"Hybrid remote in Lenexa, KS",Wachter,Indeed,2024-01-14
1,Software Engineer,Singapore,Watchdata Technologies Pte Ltd,Glint,2024-01-11
1,Network Engineer,Singapore,Watchdata Technologies Pte Ltd,Glint,2024-01-11
1,Devops Engineer,Singapore,Watchdata Technologies Pte Ltd,Glint,2024-01-11
1,Data Engineer,Singapore,Watchdata Technologies Pte Ltd,Glint,2024-01-11
1,Backend Developer,"Remote in Ames, IA 50010",Workiva,Indeed,2024-01-14
1,UI Designer,"Pleasanton, CA",Workday,Indeed,2024-01-14
1,Mobile Developer,"Phoenix, AZ 85054 (Desert View area)",Wise Equation Solutions,Indeed,2024-01-14
2,Mobile Developer,"Phoenix, AZ 85027 (Deer Valley area)",Wise Equation Solutions,Indeed,2024-01-14
1,Frontend Developer,"Phoenix, AZ 85027 (Deer Valley area)",Wise Equation Solutions,Indeed,2024-01-14
1,Data Engineer,"Melissa, TX 75454",Wise Equation Solutions,Indeed,2024-01-14
1,UI Designer,"Hybrid remote in Austin, TX 78703",Whole Foods Market,Indeed,2024-01-14
1,Network Engineer,"Hybrid remote in Anaheim Hills, CA",Wescom Credit Union,Indeed,2024-01-14
1,Network Engineer,"Irving, TX",Wells Fargo,Indeed,2024-01-14
1,Web Development,Singapore,WhyQ Pte Ltd.,Glint,2023-12-27
1,Game Development,Singapore,WhyQ Pte Ltd.,Glint,2023-12-27
1,Business Analyst,Singapore,WhyQ Pte Ltd.,Glint,2023-12-27
1,Mobile Developer,Remote,YouMail,Indeed,2024-01-14
1,Database Administrator,"Jamaica, NY 11430",Worldwide Flight Services,Indeed,2024-01-14
1,UI Designer,Remote,World Vision USA,Indeed,2024-01-14
1,Data Engineer,Hồ Chí Minh,Yes4All Trading Services Company Limited,CareerBuilder,2024-01-14
2,Data Analysts,Hồ Chí Minh,Yes4All Trading Services Company Limited,CareerBuilder,2024-01-09
2,Business Analyst,Hồ Chí Minh,Yes4All Trading Services Company Limited,CareerBuilder,2024-01-09
1,Business Analyst,Hồ Chí Minh,Yes4All Trading Services Company Limited,CareerBuilder,2024-01-08
2,Software Engineer,Singapore,Youyi Technology Pte Ltd,Glint,2023-12-22
2,Network Engineer,Singapore,Youyi Technology Pte Ltd,Glint,2023-12-22
2,Devops Engineer,Singapore,Youyi Technology Pte Ltd,Glint,2023-12-22
2,Data Engineer,Singapore,Youyi Technology Pte Ltd,Glint,2023-12-22
1,Software Engineer,"Changi, Singapore",Youyi Technology Pte Ltd,Glint,2023-12-22
1,Network Engineer,"Changi, Singapore",Youyi Technology Pte Ltd,Glint,2023-12-22
1,Devops Engineer,"Changi, Singapore",Youyi Technology Pte Ltd,Glint,2023-12-22
1,Data Engineer,"Changi, Singapore",Youyi Technology Pte Ltd,Glint,2023-12-22
1,Tester,"Tysons Corner, VA 22182",eKuber,Indeed,2024-01-14
2,Database Administrator,"Tysons Corner, VA 22182",eKuber,Indeed,2024-01-14
1,Devops Engineer,Remote,"Zoom Video Communications, Inc.",Indeed,2024-01-14
1,Devops Engineer,"Hybrid remote in San Jose, CA 95113","Zoom Video Communications, Inc.",Indeed,2024-01-14
1,Database Administrator,"Hybrid remote in San Jose, CA 95113","Zoom Video Communications, Inc.",Indeed,2024-01-14
1,Business Analyst,Remote in Colorado,Zoll Medical Corporation,Indeed,2024-01-14
1,Mobile Developer,"Seattle, WA",Zazz,Indeed,2024-01-14
1,Database Administrator,"Hybrid remote in Northville, MI 48168",ZF,Indeed,2024-01-14
1,Web Development,Singapore,aPetMart,Glint,2024-01-11
1,Game Development,Singapore,aPetMart,Glint,2024-01-11
1,Business Analyst,Singapore,aPetMart,Glint,2024-01-11
1,Database Administrator,Singapore,Zuju Digital,Glint,2024-01-11
1,Data Engineer,"Secaucus, NJ 07094",the NBA,Indeed,2024-01-14
1,Software Engineer,"Los Angeles, CA (Mid City West area)",sweetgreen,Indeed,2024-01-14
1,Software Engineer,Remote,minware,Indeed,2024-01-14
1,Tester,Remote,iVision,Indeed,2024-01-14
1,Game Development,"Hybrid remote in Malta, MT",iTalent PLUS,Indeed,2024-01-14
2,Database Administrator,"Newark, NJ",iSpeech,Indeed,2024-01-14
1,Software Engineer,Remote,gener8tor Management,Indeed,2024-01-14
1,Software Engineer,Singapore,eVantage Technology Pte Ltd,Glint,2024-01-11
1,Network Engineer,Singapore,eVantage Technology Pte Ltd,Glint,2024-01-11
1,Devops Engineer,Singapore,eVantage Technology Pte Ltd,Glint,2024-01-11
1,Data Engineer,Singapore,eVantage Technology Pte Ltd,Glint,2024-01-11
