Enroll,Rate,Level,NumberOfCourse,Knowledge
1,4.1,,1,SOFTWARE ARCHITECTURE
1,4.1,,1,ARCHITECTURE DESIGN PROCESS
1,4.1,,1,SOFTWARE LIFECYCLE
1,4.1,,1,USEFUL PATTERNS
19,4.2,,1,FUNCTIONAL
19,4.2,,1,ARCHITECTURE PATTERNS
19,4.2,,1,ENTERPRISE ARCHITECTURE
19,4.2,,1,UML MODELLING
19,4.2,,1,BUSINESS REQUIREMENTS
19,4.2,,1,SOFTWARE ARCHITECTURE
19,4.2,,1,NON-FUNCTIONAL REQUIREMENTS
697,4.2,,1,DATA COMPRESSION
697,4.2,,1,BACKUP THEORY
697,4.2,,1,BACKUP POLICIES
697,4.2,,1,MAIL SERVERS
697,4.2,,1,BACKUP STRATEGIES
697,4.2,,1,GRAPHICAL INTERFACES
697,4.2,,1,BACKUP SYSTEM
697,4.2,,1,DATABASES
697,4.2,,1,VIRTUAL MACHINES
697,4.2,,1,DATA PROTECTION
0,4.0,,1,ANDROID DEVELOPMENT
55,4.5,,1,ANDROID APP
1,4.2,,1,STARE CASE
1,4.2,,1,CONCRETE STRUCTURE
1,4.2,,1,STEEL STRUCTURE
3,3.6,,1,REGRESSION TESTING
3,3.6,,1,MANUAL
3,3.6,,1,TESTING METHODOLOGIES
3,3.6,,1,SOFTWARE TESTING
3,3.6,,1,AUTOMATION TESTING
3,3.6,,1,MANUAL TESTING
3,3.6,,1,TESTING
301,3.8,,1,PDF
301,3.8,,1,SCRAPING
301,3.8,,1,API
4,3.9,,1,WEB DESIGN
4,3.9,,1,E-COMMERCE
4,3.9,,1,BLOGGING
1,3.9,,1,ECOMMERCE
868,3.7,,1,DYNAMIC WEBSITE
868,3.7,,1,WEB DEVELOPMENT
536,3.1,,1,API
47,4.1,,1,DOM API
47,4.1,,1,APIS
673,4.2,,1,WEB SECURITY
673,4.2,,1,NETWORK SECURITY
673,4.2,,1,WEB APPLICATION
673,4.2,,1,CMS
673,4.2,,1,WEB APPLICATIONS
673,4.2,,1,INFORMATION SECURITY
673,4.2,,1,PENETRATION TESTING
35,4.7,,1,DOMAIN NAME
0,3.8,,1,JSON
0,3.8,,1,WEB PERFORMANCE
0,3.8,,1,CRITICAL RENDERING PATH
0,3.8,,1,WEBSITE PERFORMANCE
2,4.0,,1,WEB DESIGN
8,4.1,,1,DOMAIN NAMES
8,4.1,,1,FTP
8,4.1,,1,WEB HOSTING
8,4.1,,1,DOMAIN NAME
8,4.1,,1,INTERNET
9,3.5,,1,SOFTWARE TESTING
2,4.8,,1,WEB DESIGN
2,4.8,,1,WEB DEVELOPMENT
2,4.8,,1,PROGRAMMING
3,3.9,,1,WEB INTELLIGENCE
24,4.4,,1,E-COMMERCE
24,4.4,,1,BLOGGING
24,4.4,,1,SEO
25,4.1,,1,WEB DEVELOPMENT
321,2.9,,1,HTTP REQUESTS
321,2.9,,1,SOFTWARE TESTING
321,2.9,,1,PERFORMANCE TESTING
321,2.9,,1,SOFTWARE PERFORMANCE TESTING
12,4.4,,1,WEB GRAPHIC
2,4.3,,1,ASO
2,4.3,,1,GRAPHICS EDITING
2,4.3,,1,MOBILE APPLICATION
2,4.3,,1,ANDROID APP
2,4.3,,1,ANDROID APPS
2,4.3,,1,SOUND EDITING
2,4.3,,1,MOBILE APPLICATIONS DEVELOPMENT
100,4.7,,1,WEB DESIGN
100,4.7,,1,WIREFRAME
100,4.7,,1,UI DESIGN
100,4.7,,1,WIREFRAMING
0,3.6,,1,MOBILE APPS
0,3.6,,1,MOBILE APP
1,4.2,,1,XPATHS
1,4.2,,1,XPATH
1,4.2,,1,WEBELEMENT INTERFACE
0,4.3,,1,SVG FORMAT
0,4.3,,1,WEB GRAPHICS
38,2.9,,1,CLOUD SERVER
38,2.9,,1,PARSE WEBSITE
11,4.1,,1,WEB DEVELOPMENT
11,4.1,,1,INTERNET
247,4.6,,1,WEB DEVELOPMENT
247,4.6,,1,INTERNET
172,2.6,,1,INTERNET
145,3.7,,1,CONTINUOUS INTEGRATION
145,3.7,,1,HTTP
145,3.7,,1,XPATHS
145,3.7,,1,AJAX
155,4.3,,1,WEB DEVELOPMENT
155,4.3,,1,DEVELOPMENT PROCESS
0,4.8,,1,WEB DESIGN
0,4.8,,1,WEB DEVELOPMENT
0,4.8,,1,A/B TESTS
0,4.8,,1,S.M.A.R.T OBJECTIVES
278,4.5,,1,AJAX
278,4.5,,1,JSON
278,4.5,,1,TECHNICAL DESCRIPTION
278,4.5,,1,DRAG AND DROP API
58,4.1,,1,VERSION CONTROL
58,4.1,,1,WEB DEVELOPMENT
58,4.1,,1,SOURCE CODE CONTROL
58,4.1,,1,COMMAND LINE
58,4.1,,1,SOURCE CONTROL
58,4.1,,1,CODE MANAGEMENT SYSTEM
58,4.1,,1,BACKUP SYSTEMS
58,4.1,,1,COMMON COMMANDS
13,4.7,,1,WEB DESIGN
13,4.7,,1,WEB DEVELOPMENT
446,3.6,,1,MOBILE APPLICATION
285,3.2,,1,WEBDRIVERWAIT
285,3.2,,1,CSS SELECTORS
285,3.2,,1,UNIT TEST
285,3.2,,1,XPATH
285,3.2,,1,AJAX
285,3.2,,1,TEST AUTOMATION
3,3.9,,1,WEB TECHNOLOGY
3,3.9,,1,WEB-TECHNOLOGY
3,3.9,,1,VIRTUAL ASSISTANT
3,3.9,,1,VIRTUAL ASSISTANTS
15,4.0,,1,RAPID DEVELOPMENT
15,4.0,,1,RESPONSIVE SINGLE PAGE
28,4.1,,1,WEB HOSTING
28,4.1,,1,WEBHOSTING
28,4.1,,1,FTP
28,4.1,,1,DOMAIN NAME
178,4.0,,1,REFERRAL MARKETING
178,4.0,,1,WEB-BASED ANALYTICS
178,4.0,,1,AFFILIATE
178,4.0,,1,WEB SITE TRAFFIC
178,4.0,,1,WEB ANALYTICS
178,4.0,,1,INTERNET
5,4.4,,1,ITERATOR PATTERN
5,4.4,,1,DEPENDENCY INJECTIONS
5,4.4,,1,CODE FIRST APROACH
5,4.4,,1,DESIGN PATTERN
5,4.4,,1,EF DATABASE FIRST
5,4.4,,1,DESIGNING DATABASE
5,4.4,,1,AUTHENTICATION
5,4.4,,1,RESPONSIVE
5,4.4,,1,REPOSITORY PATTERN
5,4.4,,1,AUTHORIZATION
5,4.4,,1,MVC
5,4.4,,1,MVVM PATTERN
5,4.4,,1,CODE FIRST APPROACH
5,4.4,,1,IDENTITY SERVER
5,4.4,,1,AJAX CALLS
5,3.9,,1,RICH INTERNET APPLICATION
5,3.9,,1,AJAX
5,3.9,,1,RIA
5,3.9,,1,MOBILE APPLICATIONS
62,4.5,,1,WEB DESIGN
62,4.5,,1,RESPONSIVE WEBSITE
24,4.6,,1,SITE ADDRESS
24,4.6,,1,DOMAIN NAME
24,4.6,,1,HOSTING
3,3.9,,1,WEBSERVER ADMINISTRATION
3,3.9,,1,PERFORMANCE
3,3.9,,1,HTTP PROTOCOL
3,3.9,,1,HTTP
3,3.9,,1,WEB SERVER
3,3.9,,1,SECURITY
3,3.9,,1,WEB SERVER ADMINISTRATION
3,3.9,,1,WEB SERVERS
3,3.9,,1,ALIASES AND REDIRECTING
3,3.9,,1,DIRECTORY STRUCTURE
3,3.9,,1,LINUX ADMINISTRATION
3,3.9,,1,TROUBLESHOOTING
3,3.9,,1,LOGGING
3,3.9,,1,VIRTUAL HOSTS
26,5.0,,1,WEB DESIGN
2,3.8,,1,ANDROID MALWARE
2,3.8,,1,ANDROID APPLICATION
2,3.8,,1,ANDROID ARCHITECTURE
2,3.8,,1,REVERSING ANDROID APPLICATIONS
2,3.8,,1,ANDROID MOBILE APPLICATIONS
2,3.8,,1,EXPLOITATION
2,3.8,,1,FORENSICS
2,3.8,,1,WEB APPLICATION
2,3.8,,1,ANDROID SECURITY MODEL
2,3.8,,1,ANDROID SECURITY
2,3.8,,1,ANDROID APPLICATION PENTESTING
2,3.8,,1,SECURITY
2,3.8,,1,ANDROID HACKING
2,3.8,,1,WIRELESS SECURITY
2,3.8,,1,MALWARE ANALYSIS
2,3.8,,1,PENETRATION TESTING
2,3.8,,1,ANDROID APP REVERSING
1,3.9,,1,AUTHENTICATION
1,3.9,,1,WEB DEVELOPMENT
1,3.9,,1,SINGLE PAGE APPLICATION
1,3.9,,1,XHR
1,3.9,,1,WEB APPLICATION
1,3.9,,1,SPA
1,3.9,,1,MVW APPROACH
1,3.9,,1,AUTHORIZATION
1,3.9,,1,REAL TIME APPLICATION
1,3.9,,1,DATA VALIDATION
1,3.9,,1,DOMAIN SPECIFIC LANGUAGE
1,3.9,,1,SINGLE PAGE APPLICATIONS
1,3.9,,1,DSL
1,3.9,,1,API
236,4.5,,1,RESPONSIVE DESIGN
1,3.9,,1,FRONT-END WEB
1,3.9,,1,FTP
1,3.9,,1,SELF-HOSTING
1,4.7,,1,FRONT END DEVELOPMENT
2,4.1,,1,WEB DEVELOPMENT
2,4.1,,1,AFFILIATE MARKETING
2,4.1,,1,WEBSITE DESIGN
2,4.1,,1,SEARCH ENGINE OPTIMISATION
2,4.1,,1,WEB DEVLOPMENT
1,3.7,,1,INTERNET
248,4.6,,1,SOFTWARE DEVELOPMENT
299,4.6,,1,WEB TECHNOLOGIES
299,4.6,,1,WEB APPLICATION
299,4.6,,1,WEB TECHNOLOGY
299,4.6,,1,WEB APPLICATIONS
37,4.5,,1,FRONT-END WEB DEVELOPMENT
16,4.5,,1,CUSTOMIZATION MODULE
16,4.5,,1,WEBSITE CREATION
16,4.5,,1,DOMAIN NAME
16,4.5,,1,HOSTING
5,4.0,,1,MODERN WEB DEVELOPMENT
5,4.0,,1,RESPONSIVE WEB DESIGN
5,4.0,,1,MOBILE WEB
5,4.0,,1,MOBILE DESIGN AND DEVELOPMENT
420,2.5,,1,WEBSITE NAVIGATION
67,4.6,,1,WEB DESIGNER
575,4.5,,1,MOBILE DEVELOPMENT
575,4.5,,1,ANDROID DEVELOPMENT
358,4.0,,1,NETWORK SECURITY
358,4.0,,1,WEB APPLICATION
358,4.0,,1,WEB APPLICATION SECURITY
358,4.0,,1,WEB APPLICATIONS
358,4.0,,1,APPLICATION SECURITY
358,4.0,,1,WAS
358,4.0,,1,INTERNET AND WEB SYSTEMS
455,4.5,,1,FRAME TYPES
455,4.5,,1,BITRATE CONTROL
455,4.5,,1,H.264
455,4.5,,1,STREAMING
455,4.5,,1,DEINTERLACING
455,4.5,,1,ASPECT RATIO ISSUES
455,4.5,,1,STREAMING VIDEO
455,4.5,,1,ENCODING PARAMETERS
455,4.5,,1,CONTAINER FORMATS
455,4.5,,1,AUDIO COMPRESSION
455,4.5,,1,ENCODING RECIPES
455,4.5,,1,ENCODING CONFIGURATIONS
43,3.6,,1,SEARCH RANKINGS
43,3.6,,1,SEO
2,4.2,,1,WEB DESIGN
7,4.5,,1,AJAX
7,4.5,,1,JSON
7,4.5,,1,WEB DEVELOPMENT
7,4.5,,1,RESPONSIVE WEB DESIGN
851,4.0,,1,AJAX
851,4.0,,1,JSON
109,4.2,,1,WEB DESIGN
1,3.9,,1,CONTENT MANAGEMENT SYSTEM
1,3.9,,1,NETWORK ADMINISTRATION
1,3.7,,1,E-COMMERCE
1,3.7,,1,WEB PROGRAMMING
1,3.7,,1,WEB DEVELOPMENT
1,3.7,,1,WEB APPLICATION DEVELOPMENT
139,3.0,,1,BACKGROUND PROCESSES
139,3.0,,1,WEB WORKER
139,3.0,,1,WEB WORKERS DEVELOPMENT
139,3.0,,1,CALLBACKS
139,3.0,,1,WEB WORKER API
139,3.0,,1,API
139,3.0,,1,EVENT HANDLING
812,2.8,,1,WEB-SERVICES
812,2.8,,1,WORLD WIDE WEB
812,2.8,,1,CHAT APPS
812,2.8,,1,SOCKETS
812,2.8,,1,ANDROID DEVELOPMENT
812,2.8,,1,MOBILE APPS
812,2.8,,1,CHAT APP DEVELOPMENT
812,2.8,,1,INTERNET
9,4.2,,1,FRONT-END WEB DESIGN
565,3.7,,1,LAMP SERVER
2,3.8,,1,CULTURAL ADAPTATION
2,3.8,,1,LOCALIZATION KIT
2,3.8,,1,INTERNATIONALIZATION
2,3.8,,1,WEBSITE LOCALIZATION PROCESS
2,3.8,,1,GLOBALIZATION
2,3.8,,1,DIGITAL GENRES
2,3.8,,1,WEBSITE LOCALIZATION
2,3.8,,1,LOCALIZATION
2,3.8,,1,DIGITAL GENRE
160,4.7,,1,RESPONSIVE DESIGN WORKFLOW
160,4.7,,1,RESPONSIVE WEB LAYOUTS
160,4.7,,1,VARIOUS EXPRESSIONS
160,4.7,,1,RESPONSIVE DESIGN
160,4.7,,1,MULTIPLE STYLE SHEETS
160,4.7,,1,MEDIA QUERIES
160,4.7,,1,BUILDING FUNCTIONAL
0,3.0,,1,ANDROID DEVELOPMENT
0,3.0,,1,ANDROID APP DEVELOPMENT
0,3.0,,1,API
1,3.6,,1,WEB HOSTING
1,3.6,,1,DOMAIN NAME
1,4.1,,1,RESPONSIVE WEBSITES
232,4.5,,1,HANDS-ON APPROACH
232,4.5,,1,DYNAMIC WEBSITES
232,4.5,,1,'HANDS ON' APPROACH
23,4.4,,1,RESPONSIVE WEB
23,4.4,,1,RESPONSIVE WEBSITES
23,4.4,,1,FRONT END WEB DEVELOPMENT
107,4.3,,1,RESPONSIVE WEB DESIGN STRATEGIES
107,4.3,,1,MODERN WEB DEVELOPMENT
107,4.3,,1,GENERIC WEB DESIGN
107,4.3,,1,RESPONSIVE WEB DESIGN
146,2.5,,1,ANDROID DEVELOPMENT
22,3.9,,1,SOFTWARE TRAINING
22,3.9,,1,SOFTWARE TESTING
22,3.9,,1,TEST MANAGEMENT
22,3.9,,1,AUTOMATION TESTING
0,3.7,,1,SOFTWARE TESTING
7,4.2,,1,SOFTWARE ARCHITECTURE AND DESIGN
146,3.9,,1,AL
0,4.6,,1,SOFTWARE DEVELOPMENT
3,4.1,,1,SOFTWARE ARCHITECTURE
224,3.6,,1,BI
224,3.6,,1,BUSINESS INTELLIGENCE
224,3.6,,1,BIG DATA
123,4.6,,1,SOFTWARE TESTING
15,4.4,,1,SELLING PHYSICAL PRODUCTS
17,4.4,,1,SOFTWARE TESTING
57,4.4,,1,SOFTWARE TESTING
57,4.4,,1,SOFTWARE QA
66,3.9,,1,ANDROID PROGRAMMING
12,3.7,,1,ANDROID GAME
12,3.7,,1,ANDROID APP
27,4.2,,1,ANDROID PROGRAMMING
74,4.1,,1,APP DEVELOPMENT
74,4.1,,1,APIS
74,4.1,,1,ANDROID DEVELOPMENT
74,4.1,,1,ANDROID APP DEVELOPMENT
405,4.4,,1,WEB DESIGN
405,4.4,,1,PRINCIPLES OF WEB DESIGN
405,4.4,,1,PRINCIPLES OF DESIGN
822,3.7,,1,ANDROID APP SECURITY
822,3.7,,1,ANDROID APPLICATION
822,3.7,,1,PENETRAION TESTING
822,3.7,,1,ANDROID MOBILE APPLICATIONS
822,3.7,,1,ANDROID MOBILE APPS
822,3.7,,1,PENETRATION
822,3.7,,1,PENETRATION TESTING COURSE
822,3.7,,1,ANDROID APP
822,3.7,,1,ANDROID APPS
822,3.7,,1,MOBILE PENETRATION TESTING
822,3.7,,1,PENTESTING
822,3.7,,1,IOS APP
822,3.7,,1,HACKING
822,3.7,,1,PENETRATION TESTING
822,3.7,,1,ANDROID APPLICATIONS
2,4.9,,1,WEB SCRAPING
2,4.9,,1,DATA ANALYSIS
2,4.9,,1,WEB DEVELOPMENT
2,4.9,,1,DATA CLEANING
2,4.9,,1,CSV DATABASES
2,4.9,,1,JSON
2,4.9,,1,WEB APPLICATIONS
2,4.9,,1,SCRIPT AUTOMATION
2,4.9,,1,DATA SCRAPING
2,4.9,,1,API
7,4.4,,1,SOFTWARE PROJECT MANAGEMENT
24,4.5,,1,REST SERVICES
24,4.5,,1,WEB APPLICATION
24,4.5,,1,WEB APPLICATION ARCHITECTURE
24,4.5,,1,WEB APPLICATION DEVELOPMENT
3,4.2,,1,USER INTERFACE
3,4.2,,1,OPENGL-ES
3,4.2,,1,ANDROID DEVELOPMENT
3,4.2,,1,KHRONOS OPENGL-ES1
3,4.2,,1,MATERIAL DESIGN STYLE
3,4.2,,1,API
12,4.0,,1,WEB PROGRAMMING
12,4.0,,1,WEB APPLICATION
12,4.0,,1,PHP
12,4.0,,1,MANAGING WEBSITE CONTENT
12,4.0,,1,CMS
12,4.0,,1,MVC
12,4.0,,1,SOFTWARE DEVELOPMENT PROCESS
12,4.0,,1,AJAX
12,4.0,,1,OOP
12,4.0,,1,ECOMMERCE
12,4.0,,1,CONTENT MANAGEMENT SYSTEM
12,4.0,,1,API
20,4.4,,1,FULL FLEDGED GRAPHICS
20,4.4,,1,USER INTERFACE
20,4.4,,1,UI
20,4.4,,1,ANDROID LOLLIPOP APP DEVELOPMENT
7,3.6,,1,FRONT END DEVELOPMENT
1,4.5,,1,AGILE
1,4.5,,1,SOFTWARE DESIGN AND TESTING
1,4.5,,1,DESIGN PATTERNS
1,4.5,,1,TEST-FIRST THINKING
1,4.5,,1,UNIT TESTING
1,4.5,,1,SOFTWARE DESIGNS
1,4.5,,1,TEST DRIVEN DEVELOPMENT
1,4.5,,1,UNIT TESTS
1,4.5,,1,XP
1,4.5,,1,EMBEDDED SOFTWARE
1,4.5,,1,MOCKING
1,4.5,,1,TDD
1,4.5,,1,INTERACTION TESTING
1,4.5,,1,SCRUM
773,3.5,,1,DOMAIN NAMES
773,3.5,,1,HOSTING
773,3.5,,1,E-COMMERCE
773,3.5,,1,DOMAINS
773,3.5,,1,WEB DESIGN
34,4.4,,1,CONTINUOUS INTEGRATION
34,4.4,,1,WEB AUTOMATION
34,4.4,,1,PERFORMANCE TESTING
34,4.4,,1,BEHAVIOR DRIVEN TESTING
34,4.4,,1,DATABASE TESTING
34,4.4,,1,CROSS-BROWSER TESTING
34,4.4,,1,WEB UI AUTOMATION
34,4.4,,1,AUTOMATION FRAMEWORK DESIGN
34,4.4,,1,WEB APPLICATIONS
63,4.5,,1,REST API
63,4.5,,1,API TESTING
63,4.5,,1,WEBSERVICE
63,4.5,,1,RESTAPI
63,4.5,,1,WEBSERVICES
63,4.5,,1,TESTCASES
63,4.5,,1,WEB SERVICES
63,4.5,,1,WEBSERVICES TESTING
63,4.5,,1,API
67,4.6,,1,WEB DEVELOPMENT
67,4.6,,1,COMPUTER SCIENCE
67,4.6,,1,RESPONSIVE
67,4.6,,1,WEB DESIGN
67,4.6,,1,FRONT END WEB-DEVELOPMENT
607,3.8,,1,WEB DEVELOPMENT
2,3.2,,1,ANDROID PROGRAMMING
2,3.2,,1,APPLICATION DEVELOPMENT
2,3.2,,1,ANDROID APP
2,3.2,,1,ANDROID DEVELOPMENT
2,3.2,,1,ANDROID LOLLIPOP APP DEVELOPMENT
2,3.2,,1,GOOGLE MAPSAPI
19,4.7,,1,RESPONSIVE DESIGN
19,4.7,,1,WEB DESIGN
19,4.7,,1,COMPUTER PROGRAMMING
19,4.7,,1,SEO
2,3.6,,1,ECOMMERCE
3,4.0,,1,NOSETESTS
3,4.0,,1,CSS SELECTORS
3,4.0,,1,UNITTEST
3,4.0,,1,XPATH
3,4.0,,1,API
133,4.5,,1,WEB DESIGN
133,4.5,,1,RESPONSIVE WEB DESIGN
1,4.0,,1,WEBDESIGN
15,4.4,,1,ASO
15,4.4,,1,MOBILE APP
15,4.4,,1,SEO
15,4.4,,1,SEARCH ENGINE OPTIMIZATION
15,4.4,,1,APP STORE SEARCH OPTIMIZATION
1,1.6,,1,ANDROID APPLICATION
1,1.6,,1,SETUP AND ACCESS THE SHERLOCK EXTENSION
1,1.6,,1,ANDROID APIS
1,1.6,,1,ANDROID NATIVE APPLICATION
1,1.6,,1,CANVAS
1,1.6,,1,XML
1,1.6,,1,ANDROID DEVELOPMENT
1,1.6,,1,MEMORY
1,1.6,,1,DRAWABLES
1,1.6,,1,FILE CACHE
1,1.6,,1,API
19,4.7,Basic,1,GOVERNANCE
19,4.7,Basic,1,NOSQL
19,4.7,Basic,1,DATA WAREHOUSES
19,4.7,Basic,1,RELATIONAL DATABASES
19,4.7,Basic,1,DATA SECURITY
19,4.7,Basic,1,COMPLIANCE
19,4.7,Basic,1,DATA PIPELINES
19,4.7,Basic,1,BIG DATA
1,3.7,Basic,1,K-MEANS CLUSTERING
1,3.7,Basic,1,GRAPHFRAMES
1,3.7,Basic,1,MACHINE LEARNING
1,3.7,Basic,1,STREAMING DATA
1,3.7,Basic,1,ETL
1,3.7,Basic,1,AI
1,3.7,Basic,1,BIOLOGICAL SCIENCES
1,3.7,Basic,1,GRAPH
1,3.7,Basic,1,STRUCTURED STREAMING
1,4.5,Intermediate,1,SERVERLESS
1,4.5,Intermediate,1,MACHINE LEARNING
1,4.5,Intermediate,1,DATA SCIENCE
1,4.5,Intermediate,1,CLOUD-NATIVE
1,4.5,Intermediate,1,CLOUD COMPUTING
1,4.5,Intermediate,1,DATA ENGINEERING
1,4.5,Intermediate,1,SOFTWARE DEVELOPMENT
33,4.7,Intermediate,1,WAREHOUSE
33,4.7,Intermediate,1,DATA LAKE
33,4.7,Intermediate,1,DATA LAKES
33,4.7,Intermediate,1,DATA PIPELINE
33,4.7,Intermediate,1,WAREHOUSES
3,4.8,Basic,1,CLOUD DATA SERVICES
3,4.8,Basic,1,DATABASE
3,4.8,Basic,1,ANALYTICS
3,4.8,Basic,1,RELATIONAL
3,4.8,Basic,1,NON-RELATIONAL
3,4.8,Basic,1,DATA-RELATED
3,4.8,Basic,1,BIG DATA
4,4.3,Intermediate,1,PROBABILITY
4,4.3,Intermediate,1,PROBABILITY THEORY
4,4.3,Intermediate,1,DATA INGESTION
4,4.3,Intermediate,1,MACHINE LEARNING
4,4.3,Intermediate,1,STATISTICAL
4,4.3,Intermediate,1,PROBABILITY DISTRIBUTIONS
4,4.3,Intermediate,1,STATISTICS
4,4.3,Intermediate,1,DATA SCIENCE
4,4.3,Intermediate,1,AI
4,4.3,Intermediate,1,SAMPLING
4,4.3,Intermediate,1,SCIENTIFIC THINKING
4,4.3,Intermediate,1,DESIGN THINKING
4,4.3,Intermediate,1,LINEAR ALGEBRA
120,4.8,Basic,1,DATA ANALYTICS
120,4.8,Basic,1,DATA REPOSITORIES
120,4.8,Basic,1,SOURCES OF DATA
120,4.8,Basic,1,DATA STRUCTURES
120,4.8,Basic,1,ETL PROCESS
120,4.8,Basic,1,BIG DATA
120,4.8,Basic,1,FILE FORMATS
3,4.6,Basic,1,NOSQL
3,4.6,Basic,1,GRAPHFRAMES
3,4.6,Basic,1,MACHINE LEARNING
3,4.6,Basic,1,RDDS
3,4.6,Basic,1,RESILIENT DISTRIBUTED DATASETS
3,4.6,Basic,1,PARALLEL PROGRAMMING
3,4.6,Basic,1,REGRESSION
3,4.6,Basic,1,SPARK STRUCTURED STREAMING
3,4.6,Basic,1,DATAFRAMES
3,4.6,Basic,1,BIG DATA
6,4.6,Intermediate,1,APIS
2,4.6,Intermediate,1,DATA ANALYSIS
23,4.6,Intermediate,1,PROBABILITY
23,4.6,Intermediate,1,APIS
23,4.6,Intermediate,1,MACHINE LEARNING
23,4.6,Intermediate,1,SQL
23,4.6,Intermediate,1,CALCULUS
23,4.6,Intermediate,1,ARTIFICIAL INTELLIGENCE
23,4.6,Intermediate,1,STATISTICS
23,4.6,Intermediate,1,LINEAR ALGEBRA
23,4.6,Intermediate,1,NOSQL DATABASES
2,4.2,Advanced,1,SAMPLING
2,4.2,Advanced,1,PROBABILITY THEORY
2,4.2,Advanced,1,MACHINE LEARNING
2,4.2,Advanced,1,DATA SCIENCE
2,4.2,Advanced,1,STATISTICAL
2,4.2,Advanced,1,PROBABILITY DISTRIBUTIONS
2,4.2,Advanced,1,EXPLORATORY DATA ANALYSIS
2,4.2,Advanced,1,DATA VISUALIZATION
2,4.2,Advanced,1,AI
2,4.2,Advanced,1,MULTIPLE TESTING
2,4.2,Advanced,1,LINEAR ALGEBRA
2,4.2,Advanced,1,EDA
30,4.8,Basic,1,STATISTICS
163,4.7,,1,ANALYTIC GRAPHICS
163,4.7,,1,HIGH DIMENSIONAL DATA
163,4.7,,1,BASE PLOTTING SYSTEM
163,4.7,,1,LATTICE SYSTEM
163,4.7,,1,GRAPHING SYSTEMS
66,4.8,Basic,1,DATA QUALITY
2,4.9,Intermediate,1,DATA GROUPING
2,4.9,Intermediate,1,DESCRIPTIVE STATISTICS
2,4.9,Intermediate,1,OVERFITTING
2,4.9,Intermediate,1,UNDERFITTING
2,4.9,Intermediate,1,ANALYSIS OF VARIANCE
2,4.9,Intermediate,1,ANOVA
2,4.9,Intermediate,1,CORRELATION STATISTICS
2,4.9,Intermediate,1,REGRESSION
2,4.9,Intermediate,1,DATA ANALYSIS
5,4.6,Basic,2,DATA SCIENCE
5,4.6,Basic,1,DATA FRAMES
5,4.6,Basic,1,SUMMARIZATION
5,4.6,Basic,1,DATA VISUALIZATION
5,4.6,Basic,1,DATA AGGREGATION
5,4.6,Basic,1,DATA ANALYSIS
3,4.7,Basic,1,COMPUTATIONAL THINKING
3,4.7,Basic,1,STATISTICS
3,4.7,Basic,1,DATA REPRESENTATION
3,4.7,Basic,2,DATA ANALYSIS
42,4.5,,1,STATISTICAL
42,4.5,,1,ANOVA
42,4.5,,1,PEARSON CORRELATION ANALYSIS
42,4.5,,1,STATISTICAL TESTS
42,4.5,,1,CHI-SQUARE
42,4.5,,1,TEST HYPOTHESES
0,0.0,Intermediate,1,MAPREDUCE
0,0.0,Intermediate,1,BIG DATA
29,4.0,Advanced,1,GRAPHFRAMES
29,4.0,Advanced,1,BIG DATA WORKFLOW
29,4.0,Advanced,1,DATAFFRAMES
29,4.0,Advanced,1,DATAFRAMES
29,4.0,Advanced,1,MAPREDUCE
29,4.0,Advanced,1,AD-HOC
4491564,4.9,,1,PARAMETRIC
4491564,4.9,,1,SUPPORT VECTOR MACHINES
4491564,4.9,,1,MACHINE LEARNING
4491564,4.9,,1,STATISTICAL PATTERN RECOGNITION
4491564,4.9,,1,INNOVATION PROCESS
4491564,4.9,,1,DEEP LEARNING
4491564,4.9,,1,RECOMMENDER SYSTEMS
4491564,4.9,,1,DIMENSIONALITY REDUCTION
4491564,4.9,,1,CLUSTERING
4491564,4.9,,1,BIAS/VARIANCE THEORY
4491564,4.9,,1,KERNELS
4491564,4.9,,1,AI
4491564,4.9,,1,NON-PARAMETRIC
4491564,4.9,,1,NEURAL NETWORKS
4491564,4.9,,1,DATAMINING
18,4.9,Basic,1,VECTOR DATA
18,4.9,Basic,2,GIS
1013093,4.9,Intermediate,1,NEURAL NETWORK
1013093,4.9,Intermediate,1,MACHINE LEARNING
1013093,4.9,Intermediate,1,DEEP LEARNING
1013093,4.9,Intermediate,1,AI
1013093,4.9,Intermediate,1,NEURAL NETWORKS
516,4.7,Basic,1,DATA SCIENCE
4,4.1,Intermediate,1,SEMANTIC WEB
4,4.1,Intermediate,1,LINKED DATA
68,4.5,Basic,1,DATA VISUALIZATION
68,4.5,Basic,1,DATA VISUALIZATIONS
68,4.5,Basic,1,DATA ANALYSIS
6,4.4,Basic,1,DATA ANALYSIS
7,4.8,Intermediate,1,DATA STRUCTURE
92,4.7,Basic,1,NUMERICAL SUMMARIES
92,4.7,Basic,1,STATISTICAL
92,4.7,Basic,1,DATA VISUALIZATIONS
2,0.0,Basic,1,SUMMARY STATISTICS
2,0.0,Basic,1,DATA VISUALIZATIONS
2,0.0,Basic,1,ANALYTIC MINDSET
2,0.0,Basic,1,DATA ANALYSIS
0,4.6,Basic,1,WEB API
0,0.0,,1,STORYTELLING
0,0.0,,1,DATA VISUALIZATIONS
0,4.8,,1,DATA ANALYSIS
0,0.0,,1,LINEAR MODELING
0,0.0,,1,HYPOTHESIS TESTS
0,0.0,,1,DATA ANALYTIC QUESTIONS
0,0.0,,1,MACHINE LEARNING
12,4.7,Basic,1,DATA QUESTIONS
12,4.7,Basic,1,HEALTHCARE
12,4.7,Basic,1,DATA QUERIES
0,0.0,Basic,1,REGRESSION
0,0.0,Basic,1,OPTIMIZATION ALGORITHM
2,4.6,Basic,1,TECHNOLOGY AND COMPUTING
2,4.6,Basic,1,TECHNOLOGIES AND COMPUTING
2,4.6,Basic,1,DEEP AND DARK WEB
2,4.6,Basic,1,RECOMMENDER SYSTEMS
2,4.6,Basic,1,IMPACT OF COMPUTING
2,4.6,Basic,1,CYBERSECURITY
2,4.6,Basic,1,DNS
2,4.6,Basic,1,SUPERVISED
2,4.6,Basic,1,WEB VS INTERNET
2,4.6,Basic,1,SPEECH RECOGNITION
2,4.6,Basic,1,UNSUPERVISED LEARNING
2,4.6,Basic,1,INTERNET PRIVACY
2,4.6,Basic,1,MACHINE LEARNING
2,4.6,Basic,1,ML
2,4.6,Basic,1,CRYPTOGRAPHY
2,4.6,Basic,1,NETWORKS AND THE INTERNET
2,4.6,Basic,1,AI
2,4.6,Basic,1,NEURAL NETWORKS
2,4.6,Basic,1,COMPUTER SCIENCE
2,4.6,Basic,1,PERSONALIZATION OF WEB PAGES
2,4.6,Basic,1,DATA AND ANALYSIS
2,4.6,Basic,1,COOKIES
2,4.6,Basic,1,CUSTOM ADS
2,4.6,Basic,1,WEB SERVERS
2,4.6,Basic,1,IMPACTS OF COMPUTING
2,4.6,Basic,1,HTTPS
2,4.6,Basic,1,BIG DATA
0,0.0,,1,TOTAL SURVEY ERROR
0,0.0,,1,DATA ANALYSIS
9,4.6,,1,STATISTICAL ANALYSIS
9,4.6,,1,STATISTICAL THINKING
9,4.6,,1,DATA SCIENCE
9,4.6,,1,CORRELATION ANALYSIS
9,4.6,,1,ANOVA
9,4.6,,1,STATISTICS
9,4.6,,1,REGRESSION
9,4.6,,1,COMPUTER SCIENCE
9,4.6,,1,DATA ANALYSIS
0,0.0,Intermediate,1,MAXIMUM LIKELIHOOD
0,0.0,Intermediate,1,MOMENTS ESTIMATION
2,4.0,Basic,1,DATABASE
18,4.1,Intermediate,1,DESCRIPTIVE STATISTICS
220,4.6,Basic,1,DATABASE
18,4.4,Intermediate,1,SPATIAL BIG DATA
18,4.4,Intermediate,1,SPATIAL
18,4.4,Intermediate,1,DATA ANALYTICS
18,4.4,Intermediate,1,GIS
18,4.4,Intermediate,1,DATA SCIENCE
18,4.4,Intermediate,1,DBMS
18,4.4,Intermediate,1,SPATIAL DATA SCIENCE
18,4.4,Intermediate,1,BIG DATA SYSTEMS
18,4.4,Intermediate,1,DATA ANALYSIS
18,4.4,Intermediate,1,SPATIAL DATA
35,4.1,Intermediate,1,REGRESSION
35,4.1,Intermediate,1,CORRELATION
35,4.1,Intermediate,1,APPLICATION PROGRAMMING INTERFACE (API)
35,4.1,Intermediate,1,CLASSIFICATION
12,4.6,Basic,1,CRYPTOGRAPHIC
12,4.6,Basic,1,BIG DATA SYSTEMS
12,4.6,Basic,1,BIG DATA SYSTEM
6,4.7,Basic,1,DATA PROTECTION
6,4.7,Basic,1,DIFFERENTIAL PRIVACY
6,4.7,Basic,1,PRIVACY RISKS
6,4.7,Basic,1,PSEUDONYMIZATION
6,4.7,Basic,1,GDPR
6,4.7,Basic,1,K-ANONYMITY
6,4.7,Basic,1,HOMOMORPHIC ENCRYPTION
6,4.7,Basic,1,ANONYMIZATION
6,4.7,Basic,1,SECURE MULTIPARTY COMPUTATION
6,4.7,Basic,1,BIG DATA
90,4.7,,1,MAPREDUCE
90,4.7,,1,BIG DATA
90,4.7,,1,DATA PARALLEL
90,4.7,,1,DATA ANALYSIS
3,4.6,Basic,1,STATISTICAL
3,4.6,Basic,1,DATA ANALYSIS
0,0.0,Basic,1,DATABASES
0,0.0,Basic,1,DATABASE ADMINISTRATION
19,4.4,Intermediate,1,INFORMATION SYSTEMS
19,4.4,Intermediate,1,DATABASES
19,4.4,Intermediate,1,NOSQL DATABASE SYSTEMS
19,4.4,Intermediate,1,RELATIONAL DATABASE SYSTEMS
47,4.4,,1,DATA ANALYSES
11,3.9,Intermediate,1,DATA SCIENCE
11,3.9,Intermediate,1,VISUALIZATION
2,4.9,Basic,1,GROUP DISCUSSIONS
2,4.9,Basic,1,OBSERVATION
2,4.9,Basic,1,INTERVIEWS
2,4.9,Basic,1,FOCUS GROUP DISCUSSIONS
41,4.5,Intermediate,1,DATA STRUCTURES
0,0.0,Intermediate,1,DEEP LEARNING
0,0.0,Intermediate,1,DECODER
0,0.0,Intermediate,1,ENCODER
529,4.8,,1,APIS
529,4.8,,1,REGULAR EXPRESSIONS
529,4.8,,1,PROTOCOLS WEB BROWSERS
137,4.5,Intermediate,1,CSV FILES
137,4.5,Intermediate,1,DATAFRAME
137,4.5,Intermediate,1,DATA VISUALIZATION
348,4.6,Basic,1,FUNCTIONS
348,4.6,Basic,1,OBJECTS
348,4.6,Basic,1,CLASSES
348,4.6,Basic,1,DATA STRUCTURES
396,4.8,,1,OBJECT ORIENTED
51,4.1,Basic,1,SOCIOLOGY AND JOURNALISM
51,4.1,Basic,1,WEB API
51,4.1,Basic,1,LITERATURE
51,4.1,Basic,1,STATISTIC ANALYSIS
51,4.1,Basic,1,VISUALIZATION
51,4.1,Basic,1,MATHEMATICS
51,4.1,Basic,1,BIOLOGY
51,4.1,Basic,1,BUSINESS
51,4.1,Basic,1,SCIENCE AND ENGINEERING
210,4.7,,1,DATA VISUALIZATIONS
803,4.9,,1,DATA STRUCTURES
5,4.6,Basic,1,POTENTIAL RISKS OF BIAS
5,4.6,Basic,1,ARTIFICIAL INTELLIGENCE
95,4.8,Basic,1,DATABASES
95,4.8,Basic,1,DATA INTEGRITY
5,4.2,Intermediate,1,DATA SCIENCE
5,4.2,Intermediate,1,STATISTICAL
5,4.2,Intermediate,1,STATISTICS
13,4.8,,1,FAIR INFORMATION PRINCIPLES
9,4.4,Intermediate,1,DATA ANALYTICS
9,4.4,Intermediate,1,BUSINESS ANALYTICS
0,0.0,,1,MODELING
0,0.0,,1,LOGISTIC REGRESSION
0,0.0,,1,GAMBLING
0,0.0,,2,DATA ANALYTICS
241,4.5,Basic,1,DATA SCIENCE
9,4.3,Intermediate,1,ATOMIC AGGREGATES
9,4.3,Intermediate,1,NOSQL SYSTEMS
9,4.3,Intermediate,1,DOCUMENT
9,4.3,Intermediate,1,COLUMNAR
9,4.3,Intermediate,1,NOSQL DATABASE
9,4.3,Intermediate,1,KEY-VALUE
9,4.3,Intermediate,1,DENORMALIZATION
9,4.3,Intermediate,1,GRAPH
9,4.3,Intermediate,1,NOSQL DATABASES
8,4.8,Basic,1,DIGITAL AGE PRIVACY
41,4.6,Basic,1,DNS
41,4.6,Basic,1,PACKET SNIFFING
41,4.6,Basic,1,TCP/IP
41,4.6,Basic,1,DATABASES
41,4.6,Basic,1,OSI MODELS
41,4.6,Basic,1,NETWORK ADDRESS TRANSLATION
41,4.6,Basic,1,IP ADDRESSING
41,4.6,Basic,1,SWITCHING
41,4.6,Basic,1,ROUTING
41,4.6,Basic,1,CYBERSECURITY
41,4.6,Basic,1,DHCP
2,4.0,Basic,1,DATA ANALYTICS
2,4.0,Basic,1,HEALTH
2,4.0,Basic,1,BIG DATA
0,4.8,Basic,1,EDUCATIONAL ATTAINMENT
0,4.8,Basic,1,HEALTH
0,4.8,Basic,1,GOVERNMENT
2,4.3,Basic,1,DESCRIPTIVE STATISTICS
2,4.3,Basic,1,PROBABILITY DISTRIBUTIONS
61,4.6,,1,STATISTICAL
61,4.6,,1,DATA ANALYSIS
13,4.5,Advanced,1,SYSTEM�S LIFECYCLE
13,4.5,Advanced,1,ENTERPRISE SCHEMAS
13,4.5,Advanced,1,ML
19,3.8,Intermediate,1,DATA SCIENCE
19,3.8,Intermediate,1,MACHINE LEARNING
19,3.8,Intermediate,1,ML
19,3.8,Intermediate,1,PARALLEL CODE
19,3.8,Intermediate,1,BIG DATA
10,4.4,Intermediate,1,VISUALIZATION
10,4.4,Intermediate,1,DATA ANALYTIC
10,4.4,Intermediate,1,FINANCIAL MARKET
10,4.4,Intermediate,1,DATA ANALYSIS
10,3.8,Advanced,1,ENSEMBLE LEARNING
10,3.8,Advanced,1,BIGDATA
10,3.8,Advanced,1,MACHINE LEARNING
10,3.8,Advanced,1,LINEAR MODELS
10,3.8,Advanced,1,REGRESSION
10,3.8,Advanced,1,RECOMMENDER SYSTEM
10,3.8,Advanced,1,MAPREDUCE
10,3.8,Advanced,1,DECISION TREES
10,3.8,Advanced,1,CLASSIFICATION
6,4.8,Basic,1,DATA VISUALIZATION
6,4.8,Basic,1,COMPUTING SKILLS
6,4.8,Basic,1,MARKDOWN
2,4.5,Basic,1,REGEX
2,4.5,Basic,1,REGULAR EXPRESSIONS
2,4.5,Basic,1,OBJECT-ORIENTED PROGRAMMING
124,4.7,Basic,1,OBJECT-ORIENTED
124,4.7,Basic,1,DATA STRUCTURES
6,4.6,Basic,1,LISTS
6,4.6,Basic,1,DATA FRAMES
6,4.6,Basic,1,VECTORS
6,4.6,Basic,1,HANDLE ERRORS
6,4.6,Basic,1,REGULAR EXPRESSIONS
6,4.6,Basic,1,DATA STRUCTURES
6,4.6,Basic,1,FACTORS
5,4.6,Basic,1,RDBMS
5,4.6,Basic,1,ENTITY RELATIONSHIP DIAGRAMS
5,4.6,Basic,1,RELATIONAL DATABASES
5,4.6,Basic,1,ERD
5,4.6,Basic,1,DATABASE SYSTEMS
5,4.6,Basic,1,RELATIONAL DATABASE
6,4.7,Intermediate,1,DATA LAKE
3,4.1,Basic,1,DATA SETS
3,4.1,Basic,1,RUNTIME ENVIRONMENT
3,4.1,Basic,1,RDDS
3,4.1,Basic,1,HDFS
3,4.1,Basic,1,PARALLEL PROGRAMMING
3,4.1,Basic,1,DATAFRAMES
3,4.1,Basic,1,MAPREDUCE
3,4.1,Basic,1,BIG DATA
31,4.7,Basic,1,DESCRIPTIVE STATISTICS
31,4.7,Basic,1,STATISTICAL
31,4.7,Basic,1,GRAPHICAL
31,4.7,Basic,1,STATISTICS
31,4.7,Basic,1,HEALTH
12,4.6,Intermediate,1,RMARKDOWN
12,4.6,Intermediate,1,MARKDOWN
7,4.6,Basic,1,HEALTHCARE
7,4.6,Basic,1,DATA MINING
3,4.0,Intermediate,1,CROSS-INDUSTRY STANDARD PROCESS FOR DATA MINING
3,4.0,Intermediate,1,DATA SCIENCE
3,4.0,Intermediate,1,CRISP-DM
18,4.8,Basic,1,IDE
18,4.8,Basic,1,VISUAL PERCEPTION PRINCIPLES
18,4.8,Basic,1,INTEGRATED DEVELOPMENT ENVIRONMENT
18,4.8,Basic,1,SUCH AS REGRESS
18,4.8,Basic,1,PLY THOSE PRINCIPLES TO CREATE EFFECTIVE VISUALIZATIONS. WE THEN EXAMINE FUNDAMENTAL DATA ANALYTIC TOOLS
18,4.8,Basic,1,DATA ANALYTIC
18,4.8,Basic,1,CLUSTERING
18,4.8,Basic,1,LINEAR PROGRAMMING
18,4.8,Basic,1,BIG DATA ANALYTICS
18,4.8,Basic,1,REGRESSION
18,4.8,Basic,1,CALCULATIONS
18,4.8,Basic,1,VISUALIZATIONS
18,4.8,Basic,1,BIG DATA
18,4.8,Basic,1,BIG DATA ANALYTIC
5,4.8,Basic,1,DATA-DRIVEN CULTURE
5,4.8,Basic,1,MACHINE LEARNING
5,4.8,Basic,1,DIGITAL TRANSFORMATION
5,4.8,Basic,1,AI
64,4.7,Basic,1,SECURITY MANAGEMENT
64,4.7,Basic,1,NETWORK AND COMPUTER SECURITY
64,4.7,Basic,1,COMPUTER AND NETWORK SECURITY
64,4.7,Basic,1,CRYPTOGRAPHY
64,4.7,Basic,1,INFORMATION SECURITY
0,4.8,Intermediate,1,MULTICLOUD ENVIRONMENTS
0,4.8,Intermediate,1,MONOLITHIC ARCHITECTURE
0,4.8,Intermediate,1,INACCESSIBLE DATA
0,4.8,Intermediate,1,AI
0,4.7,,1,DATA PRIVACY
0,4.7,,1,DATA PROTECTION AND PRIVATIZATION
0,4.7,,1,DATA PROTECTION
0,4.7,,1,IBM DATAFIRST
10,4.6,Intermediate,1,DATA ANALYSIS REPORT
10,4.6,Intermediate,1,DATA ANALYTICS
10,4.6,Intermediate,1,DATA ANALYSIS
4,4.5,Intermediate,1,DATA QUALITY
4,4.5,Intermediate,2,DATA ANALYTICS
4,4.5,Intermediate,2,HEALTHCARE
4,4.5,Intermediate,1,BIG DATA
9,4.5,Intermediate,1,HEALTHCARE
9,4.5,Intermediate,1,LOINC
9,4.5,Intermediate,1,DRUG VOCABULARIES
9,4.5,Intermediate,1,ICD-10
9,4.5,Intermediate,1,SNOMED
9,4.5,Intermediate,1,HEALTHCARE SYSTEMS
9,4.5,Intermediate,1,CLINICAL DATA STANDARDS
6,4.7,Basic,1,DATA ANALYTICS
6,4.7,Basic,1,HEALTHCARE
6,4.7,Basic,1,VISUALISATION
6,4.7,Basic,1,DATA LIFE CYCLE
6,4.7,Basic,1,DATA INTEGRITY
6,4.7,Basic,1,DIGITAL HEALTH SYSTEMS
6,4.7,Basic,1,DATA QUALITY
6,4.7,Basic,1,DATA ANALYSIS
6,4.7,Basic,1,DIGITAL HEALTH DATA SYSTEMS
4,4.5,Intermediate,1,DATA WAREHOUSES
4,4.5,Intermediate,1,DATA PIPELINE
4,4.5,Intermediate,1,DATA ANALYSIS
56,4.8,Basic,1,DATA ANALYSIS
18,4.9,Basic,1,METADATA
18,4.9,Basic,1,NON-GIS DATA
33,4.9,Intermediate,1,RASTER DATA
33,4.9,Intermediate,1,RELATIONAL DATABASE
0,0.0,Basic,3,DATA ANALYTICS
0,0.0,Basic,1,MATERIALIZED VIEWS
0,0.0,Basic,1,DATA WAREHOUSES
0,0.0,Basic,1,DATA MARTS
0,0.0,Basic,1,DATA WAREHOUSE
0,0.0,Basic,1,BUSINESS INTELLIGENCE
0,0.0,Basic,1,DATA VISUALIZATIONS
0,0.0,Basic,1,CUBE
0,0.0,Basic,1,ROLLUP
0,0.0,Basic,1,DATA WAREHOUSE SYSTEM
0,0.0,Basic,1,DATA LAKES
7,4.6,Basic,1,DESCRIPTIVE
7,4.6,Basic,1,DIAGNOSTIC
7,4.6,Basic,1,DATA ANALYSES
7,4.6,Basic,1,PRESCRIPTIVE
7,4.6,Basic,1,VISUALIZATIONS
7,4.6,Basic,1,PREDICTIVE
12,4.2,Basic,1,DATA SCIENCE
12,4.2,Basic,1,MACHINE LEARNING
12,4.2,Basic,1,CLUSTERING
12,4.2,Basic,1,PRINCIPAL COMPONENTS ANALYSIS
12,4.2,Basic,1,MULTIDIMENSIONAL DATA
12,4.2,Basic,1,SIMILAR ALGORITHMIC
52,4.7,Basic,1,BIG DATA
52,4.7,Basic,1,MARKETING INSIGHTS
228,4.7,Intermediate,1,MACHINE LEARNING
228,4.7,Intermediate,1,BIG DATA
228,4.7,Intermediate,1,DATA ANALYSIS
18,4.6,Basic,1,TABLE WILDCARDS
18,4.6,Basic,1,HANDLING QUERY CACHE
0,0.0,Basic,1,DATA WAREHOUSING ARCHITECTURES
0,0.0,Basic,1,DATA WAREHOUSING
0,0.0,Intermediate,1,VISUALIZATION
0,0.0,Intermediate,1,DATA VISUALIZATIONS
0,0.0,Basic,2,DATA ANALYSIS
38,4.8,Basic,1,ANALYTIC DATABASES
38,4.8,Basic,1,DATABASE
38,4.8,Basic,1,TABLE DESIGN
38,4.8,Basic,1,BIG DATA SYSTEMS
38,4.8,Basic,1,BIG DATA
38,4.8,Basic,1,DATABASE SYSTEM
512,4.8,Basic,1,DATA ECOSYSTEM
512,4.8,Basic,1,DATA VISUALIZATION
512,4.8,Basic,1,DATA ANALYTICS
512,4.8,Basic,1,DATA ANALYSIS
24,4.4,Intermediate,1,STATISTICAL MODELING
24,4.4,Intermediate,1,OGISTIC REGRESSION
24,4.4,Intermediate,1,MIXED EFFECTS
24,4.4,Intermediate,1,STATISTICAL
24,4.4,Intermediate,1,LINEAR MODELS
24,4.4,Intermediate,1,LINEAR REGRESSION
24,4.4,Intermediate,1,BAYESIAN INFERENCE
24,4.4,Intermediate,1,STATISTICAL MODELS
24,4.4,Intermediate,1,STATISTICAL INFERENCE
24,4.4,Intermediate,1,HIERARCHICAL
24,4.4,Intermediate,1,DATA ANALYSIS
13,4.7,,1,DATA SCIENCE
67,4.8,Intermediate,1,LOGICAL AND LOOKUP FUNCTIONS
67,4.8,Intermediate,1,ANALYSIS
67,4.8,Intermediate,1,NAMED RANGES AND TABLES
67,4.8,Intermediate,1,APPROPRIATE FUNCTIONS
13,4.9,Intermediate,1,DATA ANALYTICS
13,4.9,Intermediate,1,DATA VISUALIZATION
13,4.9,Intermediate,1,VISUALIZATION
13,4.9,Intermediate,1,BIG DATA
13,4.9,Intermediate,1,DATA ANALYSIS
209,4.7,,1,PIVOT TABLES
209,4.7,,1,BUSINESS STATISTICS
209,4.7,,1,CHARTS
209,4.7,,1,FILTERING
209,4.7,,1,PIVOT TABLE
209,4.7,,1,DATA ANALYSIS
2,4.8,Basic,1,SHELL SCRIPTING
2,4.8,Basic,1,ETL
2,4.8,Basic,1,LOAD
2,4.8,Basic,1,TRANSFORM
2,4.8,Basic,1,EXTRACT
2,4.8,Basic,1,DATA PIPELINE
2,4.8,Basic,1,ELT
0,4.4,Basic,1,DATA SCIENCE
0,4.4,Basic,1,ETHICAL ISSUES
3,4.4,Basic,1,ETHICAL RISKS
2,4.5,Basic,1,CODE OF ETHICS
2,4.5,Basic,1,ETHICS INITIATIVE
2,0.0,Intermediate,1,MIGRATIONS
2,0.0,Intermediate,1,DATABASE
2,0.0,Intermediate,1,DATABASES
2,0.0,Intermediate,1,ON-PREMISES DATABASE ARCHITECTURES
10,4.7,Intermediate,1,RELATIONAL DATABASES
10,4.7,Intermediate,1,NOSQL DATABASES
57,4.7,Intermediate,1,HTTP
57,4.7,Intermediate,1,REQUEST-RESPONSE CYCLE
4,4.5,Intermediate,1,OBJECT RELATIONAL MODEL
4,4.5,Intermediate,1,DATABASE
4,4.5,Intermediate,1,ORM
0,4.0,Advanced,1,DATAFRAMES
7,4.5,Intermediate,1,STATISTICAL
7,4.5,Intermediate,1,PREDICTIVE ANALYTICS
106,4.5,,1,PATTERN-BASED CLASSIFICATION
106,4.5,,1,DATA MINING
44,4.5,Basic,1,VISUALIZATION
44,4.5,Basic,1,VISUALIZATIONS
21,4.6,Intermediate,1,VISUALIZATION
16,4.6,Intermediate,1,HEALTHCARE
16,4.6,Intermediate,1,DATA SCIENCE
16,4.6,Intermediate,1,MACHINE LEARNING
16,4.6,Intermediate,1,GRAPH DATA
16,4.6,Intermediate,1,BIOMEDICINE
2,4.1,,1,DATA SCIENCE
160,4.6,Intermediate,1,DATABASE DIAGRAMMING
160,4.6,Intermediate,1,DATABASE
160,4.6,Intermediate,1,ENTITY RELATIONSHIP DIAGRAMS
160,4.6,Intermediate,1,DATA WAREHOUSING
160,4.6,Intermediate,1,RELATIONAL DATABASES
160,4.6,Intermediate,1,BUSINESS INTELLIGENCE
160,4.6,Intermediate,1,ERDS
10,4.8,Intermediate,1,DATABASE
2,4.3,Intermediate,1,NOSQL
2,4.3,Intermediate,1,DATABASES
2,4.3,Intermediate,1,SQL
2,4.3,Intermediate,1,ACID
2,4.3,Intermediate,1,POSTGRESQL
2,4.3,Intermediate,1,BASE
289,4.5,Basic,1,NATURAL LOG FUNCTION
289,4.5,Basic,1,EXPONENTS
289,4.5,Basic,1,INTERVAL NOTATION
289,4.5,Basic,1,PROBABILITY THEORY
289,4.5,Basic,1,DATA SCIENCE
289,4.5,Basic,1,ALGEBRA
289,4.5,Basic,1,SIGMA NOTATION
289,4.5,Basic,1,DISTANCE FORMULAS
289,4.5,Basic,1,MATH
289,4.5,Basic,1,Y) PLANE
289,4.5,Basic,1,CARTESIAN (X
289,4.5,Basic,1,PRE-CALCULUS
289,4.5,Basic,1,VENN DIAGRAMS
289,4.5,Basic,1,ALGEBRA WITH INEQUALITIES
289,4.5,Basic,1,BAYES� THEOREM
289,4.5,Basic,1,INSTANTANEOUS RATE OF CHANGE
289,4.5,Basic,1,LOGARITHMS
289,4.5,Basic,1,TANGENT LINES
289,4.5,Basic,1,DATA ANALYSIS
39,4.9,Intermediate,1,MANAGES SESSION
39,4.9,Intermediate,1,OBJECT ORIENTED
39,4.9,Intermediate,1,WEB APPLICATIONS
39,4.9,Intermediate,1,COOKIES
0,4.5,Basic,1,DATA ANALYTICS
139,4.5,Basic,1,VISUALIZATION
1,4.9,,1,DATA VISUALIZATION
1,4.9,,1,VISUALIZATION
3,0.0,Basic,1,CINEMATIC DESIGN
3,0.0,Basic,1,DATA VISUALIZATION
3,0.0,Basic,1,SCIENCE COMMUNICATION
3,0.0,Basic,1,SPATIAL DATA
8,4.6,,1,OLAP
8,4.6,,1,DIMENSIONAL MODEL
8,4.6,,1,MATERIALIZED VIEWS
8,4.6,,1,DATA WAREHOUSE
8,4.6,,1,BUSINESS INTELLIGENCE
8,4.6,,1,WAREHOUSE SCHEMA
27,4.7,Basic,1,PIVOT CHARTS
27,4.7,Basic,1,VISUALIZATIONS
75,4.4,,1,STATISTICS
75,4.4,,1,DATA ANALYSIS
13,4.6,Intermediate,1,GAME DEVELOPMENT
13,4.6,Intermediate,1,DESIGN PATTERNS
13,4.6,Intermediate,1,SOFTWARE ARCHITECTURE
13,4.6,Intermediate,1,GRAPH DATA STRUCTURES
13,4.6,Intermediate,1,OBJECT-ORIENTED
13,4.6,Intermediate,1,STACKS
13,4.6,Intermediate,1,DYNAMIC ARRAY
13,4.6,Intermediate,1,DATA STRUCTURES
13,4.6,Intermediate,1,DATA STRUCTURE
13,4.6,Intermediate,1,LINKED LIST
13,4.6,Intermediate,1,TREESMODULE
13,4.6,Intermediate,1,QUEUES
13,4.6,Intermediate,1,ALGORITHM ANALYSIS
205,4.6,Intermediate,1,BINARY TREE
205,4.6,Intermediate,1,ALGORITHM
205,4.6,Intermediate,1,HASH TABLE
205,4.6,Intermediate,1,PRIORITY QUEUES
205,4.6,Intermediate,1,DYNAMIC ARRAY
205,4.6,Intermediate,1,DATA STRUCTURES
205,4.6,Intermediate,1,DATA STRUCTURE
84,4.8,Intermediate,1,ALGORITHMS
84,4.8,Intermediate,1,HASHTABLES
84,4.8,Intermediate,1,TREES
84,4.8,Intermediate,1,LINKED LISTS
84,4.8,Intermediate,1,DATA STRUCTURES
84,4.8,Intermediate,1,SOFTWARE DEVELOPMENT
84,4.8,Intermediate,1,COMPUTER SCIENCE
0,4.9,,1,QUANTITATIVE DATA
0,4.9,,1,DATA VISUALIZATION
0,4.9,,1,STATISTICAL
0,4.9,,1,VISUALIZATIONS
0,0.0,Basic,1,DIGITAL LITERACY
164,4.6,Basic,1,CRISP-DM
164,4.6,Basic,1,DATA MINING
164,4.6,Basic,1,DESCRIPTIVE
164,4.6,Basic,1,DATA SCIENCE
164,4.6,Basic,1,CROSS INDUSTRY PROCESS FOR DATA MINING
164,4.6,Basic,1,BUSINESS UNDERSTANDING
164,4.6,Basic,1,ANALYTIC MODELS
164,4.6,Basic,1,CLASSIFICATION MODELS
164,4.6,Basic,1,DATA UNDERSTANDING
164,4.6,Basic,1,PREDICTIVE
0,0.0,Advanced,1,DATA SCIENCE
0,0.0,Advanced,1,MACHINE LEARNING
653,4.6,,1,DATA ANALYSTS
653,4.6,,1,DESIGN CONCEPTS
33,4.5,,1,PREDICTION MODEL
33,4.5,,1,DATA ANALYSIS
0,0.0,Intermediate,1,DATA GROUPING
0,0.0,Intermediate,1,DESCRIPTIVE STATISTICS
0,0.0,Intermediate,1,MODELLING
0,0.0,Intermediate,1,CORRELATION STATISTICS
0,0.0,Intermediate,2,DATA ANALYSIS
23,4.8,Basic,1,ETHICAL
23,4.8,Basic,1,PRINCIPLES OF FAIRNESS
23,4.8,Basic,1,FAIR INFORMATION PRACTICES PRINCIPLES ACT
23,4.8,Basic,1,ALGORITHMS
23,4.8,Basic,1,DATA SCIENCE
23,4.8,Basic,1,ARTIFICIAL INTELLIGENCE
23,4.8,Basic,1,MODERN SOCIETY
23,4.8,Basic,1,BIG DATA
0,0.0,Basic,1,MACHINE LEARNING
0,0.0,Basic,1,TEST HYPOTHESIS
0,0.0,Basic,1,ARTIFICIAL INTELLIGENCE
7,4.3,Basic,1,DATA SCIENCE
7,4.3,Basic,1,DATA-DRIVEN INNOVATION
7,4.3,Basic,1,MACHINE LEARNING
0,0.0,Intermediate,1,DATA SCIENCE
179,4.5,Basic,1,DATA SCIENCE
179,4.5,Basic,1,STATISTICS
179,4.5,Basic,1,MACHINE LEARNING
3,3.7,Intermediate,1,DATA SCIENCE
23,4.7,Basic,1,DATA CLUSTERING
23,4.7,Basic,1,K-MEANS ALGORITHM
26,4.7,Basic,1,PUBLIC HEALTH
26,4.7,Basic,1,DATA SYSTEMS
6,3.7,Intermediate,1,ETL
6,3.7,Intermediate,1,DATA VIRTUALIZATION
6,3.7,Intermediate,1,ELT
15,3.6,,1,ALGORITHMS
15,3.6,,1,COGNITION
15,3.6,,1,LINKING PERCEPTION
15,3.6,,1,DATA SCIENCE
15,3.6,,1,GRAPH ANALYSIS
15,3.6,,1,VISUALIZATION
15,3.6,,1,CLOUD COMPUTING
15,3.6,,1,VISUALIZATIONS
15,3.6,,1,MAPREDUCE
15,3.6,,1,BIG DATA
15,3.6,,1,COMPUTER SCIENCE
119,4.8,Basic,1,DATABASES
78,4.6,,1,DATA VISUALIZATION
15,4.3,Intermediate,1,ETL
6,4.3,Intermediate,1,REGRESSION
6,4.3,Intermediate,1,DATA DESCRIPTION
6,4.3,Intermediate,1,STATISTICAL INFERENCE
6,4.3,Intermediate,1,BUSINESS MANAGERS
36,4.3,,1,DATA MINING
27,4.7,,1,DATA LIFECYCLE
6,4.6,,1,MAP CONSTRUCTION
6,4.6,,1,VISUALIZATION
6,4.6,,1,DATA MINING
6,4.6,,1,ALGORITHMS
57,4.3,,1,DATA ANALYTICS
57,4.3,,1,RELATIONAL ALGEBRA
57,4.3,,1,DATA SCIENCE
57,4.3,,1,NOSQL SYSTEMS
57,4.3,,1,IN-DATABASE ANALYTICS
57,4.3,,1,LARGE-SCALE ANALYTICS
57,4.3,,1,ECOSYSTEM OF ALGORITHMS
57,4.3,,1,KEY-VALUE
57,4.3,,1,DISTRIBUTED SYSTEMS
57,4.3,,1,PARALLEL QUERY PROCESSING
57,4.3,,1,PARALLEL DATABASES
57,4.3,,1,BIG DATA
57,4.3,,1,DATA FLOW MODELS
57,4.3,,1,MAPREDUCE
57,4.3,,1,NOSQL DATABASES
57,4.3,,1,COMPUTER SCIENCE
57,4.3,,1,DATA ANALYSIS
0,0.0,Intermediate,1,DATA MINING
0,0.0,Intermediate,2,DATA MINING PIPELINE
5,4.4,Intermediate,1,INFORMATION SYSTEMS
27,4.3,Advanced,1,DATA ANALYTICS
27,4.3,Advanced,1,HEALTHCARE
27,4.3,Advanced,1,BIOLOGICAL
27,4.3,Advanced,1,BIG DATA SCIENCE
27,4.3,Advanced,1,BIOINFORMATICS
27,4.3,Advanced,1,BIG DATA ANALYTICS
27,4.3,Advanced,1,BIG DATA
27,4.3,Advanced,1,BIOMEDICAL
14,4.7,Intermediate,1,MACHINE LEARNING
14,4.7,Intermediate,1,ML
0,0.0,Intermediate,1,DATA LITERACY
0,0.0,Intermediate,1,METHODOLOGICAL APPROACH
6,4.4,Intermediate,1,MITIGATION MEASURES
6,4.4,Intermediate,1,OVERFITTING
6,4.4,Intermediate,1,MACHINE INTELLIGENCE
6,4.4,Intermediate,1,MACHINE LEARNING
6,4.4,Intermediate,1,PROBABILITY DISTRIBUTIONS
6,4.4,Intermediate,1,STATISTICS
6,4.4,Intermediate,1,MEAN
6,4.4,Intermediate,1,MODE
6,4.4,Intermediate,1,MEDIAN
6,4.4,Intermediate,1,VECTOR NOTATION
6,4.4,Intermediate,1,LINEAR ALGEBRA
11,4.6,Basic,1,DATA QUALITY
11,4.6,Basic,1,DESIGN DECISIONS
59,4.7,Intermediate,1,INTERNET
59,4.7,Intermediate,1,REST APIS
59,4.7,Intermediate,1,APIS
59,4.7,Intermediate,1,INTERNE
3,4.4,Basic,1,DATA INTEGRITY
25,4.8,Intermediate,1,COMPUTATIONAL THINKING
25,4.8,Intermediate,1,MACHINE LEARNING
25,4.8,Intermediate,1,DATABASES
25,4.8,Intermediate,1,BIG DATA
189,4.6,,1,DATA STORAGE SYSTEMS
7,4.2,,1,LOGISTIC REGRESSIONS
7,4.2,,1,DESCRIPTIVE STATISTICS
7,4.2,,1,STATISTICAL MATCHING
7,4.2,,1,RECORD LINKAGE
47,4.8,Basic,1,LEAN SIX SIGMA
47,4.8,Basic,1,DATA ANALYTICS
3,4.4,Basic,1,ANALYSIS
3,4.4,Basic,1,VISUALIZATION
2,0.0,,1,DATA ANALYTICS
6,4.3,,1,DATA ANALYTICS
6,4.3,,1,PRESCRIPTIVE ANALYTICS
6,4.3,,1,PREDICTIVE ANALYTICS
6,4.3,,1,CLUSTERING
6,4.3,,1,SIMULATION BASED OPTIMIZATION
7,4.1,,1,DATA ANALYTICS
71,4.8,Basic,1,MARKDOWN
3,4.7,,1,DATA SCIENCE
3,4.7,,1,DATA ANALYTIC
3,4.7,,1,CROWDSOURCING
0,0.0,Basic,1,DATA SECURITY
0,0.0,Basic,1,CIA
0,0.0,Basic,1,CYBERSECURITY
0,0.0,Basic,1,ETHICAL BOUNDARIES OF HACKING
0,0.0,Basic,1,DATA AND NETWORK ANALYTICS
0,0.0,Basic,1,DESCRIPTIVE
0,0.0,Basic,1,PRESCRIPTIVE ANALYTICS
0,0.0,Basic,1,NETWORK ANALYTICS FOR BUSINESS
0,0.0,Basic,1,STATISTICS
0,0.0,Basic,1,INFERENTIAL
0,0.0,Basic,1,MATHEMATICS
0,0.0,Basic,1,PREDICTIVE
105,4.7,Advanced,1,CREDIT
105,4.7,Advanced,1,INSURANCE
105,4.7,Advanced,1,NATURAL LANGUAGE PROCESSING
105,4.7,Advanced,1,OVERFITTING
105,4.7,Advanced,1,PREDICTIVE ALGORITHM
105,4.7,Advanced,1,MACHINE LEARNING
105,4.7,Advanced,1,UNDERFITTING
105,4.7,Advanced,1,DATA SCIENCE
105,4.7,Advanced,1,LINEAR MODELS
105,4.7,Advanced,1,MARKETING
105,4.7,Advanced,1,GRADIENT BOOSTING
105,4.7,Advanced,1,COMPUTER VISION
105,4.7,Advanced,1,SALES� FORECASTING
105,4.7,Advanced,1,K-NN
105,4.7,Advanced,1,RANDOM FOREST
105,4.7,Advanced,1,DATAFRAMES
105,4.7,Advanced,1,NEURAL NETWORKS
10,4.3,Basic,1,DATA SCIENCE
10,4.3,Basic,1,PREDICTIVE MODELS
20,4.9,Basic,1,SELECT STATEMENTS
9,4.7,Basic,1,FILESYSTEMS
9,4.7,Basic,1,DATABASES
9,4.7,Basic,1,BIG DATA
9,4.7,Basic,1,BIG DATA SYSTEMS
9,4.7,Basic,1,CLOUD STORAGE
0,4.3,Advanced,1,DATA LINEAGE
0,4.3,Advanced,1,DATA INTEGRATION
0,0.0,Intermediate,1,DATA SECURITY
0,0.0,Intermediate,1,PRIVACY REQUIREMENTS
4,4.2,Intermediate,1,CLINICAL DATA MODEL
4,4.2,Intermediate,1,COMMON DATA MODELS
4,4.2,Intermediate,1,DATA SCIENCE
4,4.2,Intermediate,1,ENTITY-RELATIONSHIP DIAGRAMS
4,4.2,Intermediate,1,ERDS
4,4.2,Intermediate,1,COMMON DATA MODEL
4,4.2,Intermediate,1,CLINICAL DATA MODELS
4,4.2,Intermediate,1,CLINICAL CARE
4,4.2,Intermediate,1,DATA MODELS
4,4.2,Intermediate,1,ARTICULATE
72,4.7,Basic,1,CLINICAL RESEARCH
72,4.7,Basic,1,DATA MANAGEMENT
0,4.8,Intermediate,1,LINE INTEGRALS
0,4.8,Intermediate,1,DATA SCIENCE
0,4.8,Intermediate,2,CALCULUS
0,4.8,Intermediate,1,SHOELACE THEOREM
0,4.8,Intermediate,1,MATHEMATICS
0,4.8,Intermediate,1,GREEN'S THEOREM
0,4.8,Intermediate,1,COMPUTER SCIENCE
0,4.8,Intermediate,1,DATA ANALYSIS
0,0.0,Intermediate,1,VECTOR CALCULUS
0,0.0,Intermediate,1,SINGLE-VARIABLE FUNCTION
0,0.0,Intermediate,1,INTEGRALS
0,4.8,Intermediate,1,TRIGONOMETRIC AND INVERSE TRIGONOMETRIC FUNCTIONS
0,4.8,Intermediate,1,POLYNOMIALS
0,4.8,Intermediate,1,EXPONENTIAL AND LOGARITHMIC FUNCTIONS
0,4.8,Intermediate,1,RATIONAL FUNCTIONS
0,4.8,Intermediate,1,RATES OF CHANGE
0,4.8,Intermediate,1,ALGEBRAIC FUNCTIONS
0,5.0,Intermediate,1,THE INTEGRAL
0,5.0,Intermediate,1,CALCULATING ACCUMULATION
0,5.0,Intermediate,1,CALCULUS
0,5.0,Intermediate,1,THEOREM OF CALCULUS
0,5.0,Intermediate,1,RATES OF CHANGE
0,5.0,Intermediate,1,MATHEMATICS
0,4.7,Intermediate,1,NATURAL SCIENCES
0,4.7,Intermediate,1,ESTIMATE FUNCTIONS
0,4.7,Intermediate,1,DERIVATIVES
0,4.7,Intermediate,1,MACHINE LEARNING
0,4.7,Intermediate,1,LINEAR APPROXIMATIONS
0,4.7,Intermediate,1,SINGLE-VARIABLE AND MULTI-VARIABLE FUNCTIONS
0,4.7,Intermediate,1,RATES OF CHANGE
0,4.7,Intermediate,1,DERIVATIVE
0,4.7,Intermediate,1,DATA ANALYSIS
2,4.8,Basic,1,POLYNOMIAL
2,4.8,Basic,1,CALCULUS
2,4.8,Basic,1,MATHEMATICAL
2,4.8,Basic,1,RATIONAL
2,4.8,Basic,1,LOGARITHMIC
2,4.8,Basic,1,EXPONENTIAL
2,4.8,Basic,1,APPLICATIONS-ORIENTED
2,4.8,Basic,1,TRIGONOMETRIC FUNCTIONS
0,4.8,Basic,1,MATHEMATICS
0,4.8,Basic,1,DERIVATIVE
0,4.8,Basic,1,SINGLE VARIABLE CALCULUS
0,0.0,Intermediate,1,RIEMANN SUMS
0,0.0,Intermediate,1,DEFINITE INTEGRAL
0,0.0,Intermediate,1,CALCULUS
0,0.0,Intermediate,1,RATES OF CHANGE
0,0.0,Intermediate,1,INTEGRATION
10,3.9,Intermediate,1,DATA-WAREHOUSE
10,3.9,Intermediate,1,ANALYTICAL BUSINESS REQUIREMENTS
10,3.9,Intermediate,1,DATA MINING
10,3.9,Intermediate,1,MAP-REDUCE
10,3.9,Intermediate,1,OLTP SYSTEM
10,3.9,Intermediate,1,DESCRIPTIVE ANALYSIS
10,3.9,Intermediate,1,DATA WAREHOUSES
10,3.9,Intermediate,1,DATA WAREHOUSING
10,3.9,Intermediate,1,BUSINESS INTELLIGENCE
10,3.9,Intermediate,1,HDFS
10,3.9,Intermediate,1,ANALYTICAL INFORMATION SYSTEMS
10,3.9,Intermediate,1,PREDICTIVE ANALYSIS
10,3.9,Intermediate,1,DATABASE SYSTEM
10,3.9,Intermediate,1,MULTIDIMENSIONAL DESIGN
10,3.9,Intermediate,1,BIG DATA
10,3.9,Intermediate,1,INTEGRATION
11,4.5,,1,DATA ANALYTICS
11,4.5,,1,SYSTEMS THINKING
11,4.5,,1,MULTI-LEVEL PERSPECTIVES
11,4.5,,1,MEGATRENDS
11,4.5,,1,MULTIDISCIPLINARY
33,4.8,Basic,1,STATISTICAL ANALYSIS
33,4.8,Basic,1,SAMPLING
33,4.8,Basic,1,CONFIDENCE INTERVALS
33,4.8,Basic,1,NORMAL DISTRIBUTION
33,4.8,Basic,1,FREQUENCY
33,4.8,Basic,1,STATISTICS
33,4.8,Basic,1,STATISTICAL STUDIES
42,4.5,,1,DATA SCIENCE
1,0.0,Advanced,1,STATIC DISTRIBUTED
1,0.0,Advanced,1,NOSQL STORAGE
1,0.0,Advanced,1,BIG DATA
1,0.0,Advanced,1,STREAMING DATA
3,4.7,Basic,1,DATA WAREHOUSE
3,4.7,Basic,1,MANAGING DATABASE HARDWARE
83,4.4,,1,DATA SCIENCE
83,4.4,,1,INFORMATION SYSTEM
83,4.4,,1,BIG DATA INFRASTRUCTURE
83,4.4,,1,DATABASE MANAGEMENT SYSTEM
83,4.4,,1,MANAGEMENT SYSTEMS
83,4.4,,1,BIG DATA MANAGEMENT SYSTEM
83,4.4,,1,DATA MANAGEMENT SYSTEMS
83,4.4,,1,BIG DATA
83,4.4,,1,SEMI-STRUCTURED DATA
61,4.6,,1,MACHINE LEARNING
61,4.6,,1,BIG DATA
13,4.4,,1,BIG DATA SCIENCE
13,4.4,,1,BIG DATA
2,0.0,Basic,1,BIG DATA
42,4.3,,1,GRAPH-STRUCTURED DATA
42,4.3,,1,GRAPH
42,4.3,,1,DATA NETWORK STRUCTURE
42,4.3,,1,GRAPH ANALYTICS
272,4.6,,1,BIG DATA ANALYSIS
272,4.6,,1,DATA SCIENCE
272,4.6,,1,HDFS
272,4.6,,1,V�S OF BIG DATA
272,4.6,,1,MAPREDUCE
272,4.6,,1,BIG DATA
18,4.7,Basic,1,BIG DATA HARDWARE
18,4.7,Basic,1,BIG DATA ANALYSIS
18,4.7,Basic,1,STATISTICAL
18,4.7,Basic,1,PROFESSIONAL SERVICES
18,4.7,Basic,1,BIG DATA SYSTEM
18,4.7,Basic,1,SOFTWARE
18,4.7,Basic,1,BIG DATA
51,3.9,Intermediate,1,TELECOMMUNICATIONS
51,3.9,Intermediate,1,SOCIAL NETWORKS
51,3.9,Intermediate,1,HDFS
51,3.9,Intermediate,1,FINANCE
51,3.9,Intermediate,1,SPARK
51,3.9,Intermediate,1,MAPREDUCE
51,3.9,Intermediate,1,BIG DATA
5,4.5,Basic,1,BIG DATA
5,4.5,Basic,1,LINGUISTIC ANALYSIS
64,4.4,Basic,1,DATA SCIENCE
64,4.4,Basic,1,BIG DATA
64,4.4,Basic,1,BIG DATA MANAGEMENT SYSTEMS
30,4.5,Intermediate,1,EXTRA-LOAD
30,4.5,Intermediate,1,EXTRACT-TRANSFORM-LOAD
30,4.5,Intermediate,1,DATA PIPELINES
30,4.5,Intermediate,1,EXTRACT-LOAD-TRANSFORM
30,4.5,Intermediate,1,BATCH DATA
18,4.6,Basic,1,NATURAL LANGUAGE PROGRAMMING
18,4.6,Basic,1,NLP
18,4.6,Basic,1,BIG DATA
18,4.6,Basic,1,AI
17,4.3,Intermediate,1,JSON
17,4.3,Intermediate,1,CSV
11,4.5,Advanced,1,PRE-BUILT ALGORITHMS
0,0.0,Intermediate,1,ENCLAVE TECHNOLOGIES
0,0.0,Intermediate,1,ENCLAVE
0,0.0,Intermediate,1,OS KERNEL
0,0.0,Intermediate,1,SOFTWARE-DEVELOPMENT
0,0.0,Intermediate,1,TLS KEYS
0,0.0,Intermediate,1,KERNEL
0,0.0,Intermediate,1,HARDWARE ISOLATION
0,0.0,Intermediate,1,OPERATING SYSTEM
15,4.5,Intermediate,1,SOCIAL MEDIA DATA
15,4.5,Intermediate,1,STATISTICAL
15,4.5,Intermediate,1,TRADING ALGORITHM
15,4.5,Intermediate,1,FORECASTING PROCESS
15,4.5,Intermediate,1,TIME SERIES DATA
1,4.2,Intermediate,1,CROSS-VALIDATION
1,4.2,Intermediate,1,MACHINE LEARNING
1,4.2,Intermediate,1,TREE-BASED MODELS
1,4.2,Intermediate,1,HYPERPARAMETER TUNING
0,4.5,Basic,1,DOE
0,4.5,Basic,1,DESIGN OF EXPERIMENTS
0,4.4,Intermediate,1,BIG DATA
66,4.8,Intermediate,1,BREADTH-FIRST
66,4.8,Intermediate,1,HEAPS
66,4.8,Intermediate,1,CONNECTIVITY
66,4.8,Intermediate,1,BALANCED SEARCH TREES
66,4.8,Intermediate,1,SHORTEST PATHS
66,4.8,Intermediate,1,DATA STRUCTURES
66,4.8,Intermediate,1,BLOOM FILTERS
66,4.8,Intermediate,1,DEPTH-FIRST SEARCH
66,4.8,Intermediate,1,GRAPH PRIMITIVES
66,4.8,Intermediate,1,HASH TABLES
16,4.6,Basic,1,COMPUTATIONAL THINKING
3,4.8,Basic,1,MACHINE LEARNING
3,4.8,Basic,1,PREDICTIVE MODELS
0,0.0,Intermediate,1,CLINICAL DATA SCIENCE
13,4.6,Advanced,1,DATA EXPLORATION
13,4.6,Advanced,1,ALGORITHMS
13,4.6,Advanced,1,MACHINE LEARNING
13,4.6,Advanced,1,DEEP LEARNING
13,4.6,Advanced,1,VISUALIZATION
13,4.6,Advanced,1,PARALLEL DATA PROCESSING
73,4.8,Intermediate,1,AUTONOMOUS AGENT
73,4.8,Intermediate,1,GRAPHS
73,4.8,Intermediate,1,DATA STRUCTURES
73,4.8,Intermediate,1,DATA STRUCTURE
73,4.8,Intermediate,1,CLASS HIERARCHY DESIGN
8,4.1,Intermediate,1,DESCRIPTIVE STATISTICS
8,4.1,Intermediate,1,DATABASES
8,4.1,Intermediate,1,DATA ANALYTIC
8,4.1,Intermediate,1,RELATIONAL DATABASES
8,4.1,Intermediate,1,DATAFRAME
8,4.1,Intermediate,1,DATA VISUALIZATIONS
8,4.1,Intermediate,1,REGRESSION
1,0.0,Intermediate,1,STATISTICAL ANALYSIS
1,0.0,Intermediate,1,DATA ANALYTICS
1,0.0,Intermediate,1,MACHINE LEARNING
1,0.0,Intermediate,1,EXPLORATORY DATA ANALYSIS
1,0.0,Intermediate,1,VISUALIZATION
1,0.0,Intermediate,1,ACCOUNTANCY
0,0.0,,1,BIG DATA LIFE CYCLE
0,0.0,,1,BIG DATA
2,4.7,Basic,1,RANSOMWARE
2,4.7,Basic,1,HEALTHCARE
2,4.7,Basic,1,PHISHING
2,4.7,Basic,1,HIPAA
2,4.7,Basic,1,DATA PRIVACY
2,4.7,Basic,1,STARK LAW
2,4.7,Basic,1,JOINT COMMISSION
2,4.7,Basic,1,SECURITY
2,4.7,Basic,1,SECURITY BREACHES
2,4.7,Basic,1,IT SUPPORT
634,4.5,Intermediate,1,DISTRIBUTIONS
634,4.5,Intermediate,1,LAMBDAS
634,4.5,Intermediate,1,DATA SCIENCE
634,4.5,Intermediate,1,CSV
634,4.5,Intermediate,1,DATAFRAME
634,4.5,Intermediate,1,SAMPLING
634,4.5,Intermediate,1,T-TESTS
